Evaluation,Model,N subjects,TN,FP,FN,TP,Sensitivity,Specificity,Balanced Accuracy
Main combined holdout,Always-ADHD,28,0,14,0,14,1.0,0.0,0.5
Main combined holdout,Always-Control,28,14,0,14,0,0.0,1.0,0.5
Main combined holdout,Majority-class Dummy,28,14,0,14,0,0.0,1.0,0.5
Main combined holdout,Stratified Dummy,28,11,3,12,2,0.142857,0.785714,0.464286
Main combined holdout,Logistic Regression (Welch band power),28,5,9,2,12,0.857143,0.357143,0.607143
Main combined holdout,Linear SVM (Welch band power),28,5,9,2,12,0.857143,0.357143,0.607143
Child dataset -> Adult dataset,Always-ADHD,16,0,8,0,8,1.0,0.0,0.5
Child dataset -> Adult dataset,Always-Control,16,8,0,8,0,0.0,1.0,0.5
Child dataset -> Adult dataset,Majority-class Dummy,16,0,8,0,8,1.0,0.0,0.5
Child dataset -> Adult dataset,Stratified Dummy,16,0,8,0,8,1.0,0.0,0.5
Child dataset -> Adult dataset,Logistic Regression (Welch band power),16,7,1,7,1,0.125,0.875,0.5
Child dataset -> Adult dataset,Linear SVM (Welch band power),16,7,1,8,0,0.0,0.875,0.4375
Adult dataset -> Child dataset,Always-ADHD,121,0,60,0,61,1.0,0.0,0.5
Adult dataset -> Child dataset,Always-Control,121,60,0,61,0,0.0,1.0,0.5
Adult dataset -> Child dataset,Majority-class Dummy,121,60,0,61,0,0.0,1.0,0.5
Adult dataset -> Child dataset,Stratified Dummy,121,36,24,27,34,0.557377,0.6,0.578689
Adult dataset -> Child dataset,Logistic Regression (Welch band power),121,45,15,33,28,0.459016,0.75,0.604508
Adult dataset -> Child dataset,Linear SVM (Welch band power),121,44,16,35,26,0.42623,0.733333,0.579781
