scenario,Model A,Model B,Metric,Difference (A - B),95% CI low,95% CI high,Test statistic,Raw p-value,Holm-corrected p-value,statistically_significant_holm_0_05
adult_to_child,Always-ADHD,Always-Control,Accuracy,0.0082644628099173,0.0082644628099173,0.0082644628099173,0.0082644628099173,1.0,1.0,False
adult_to_child,Always-ADHD,Always-Control,Balanced_Accuracy,0.0,0.0,0.0,0.0,1.0,1.0,False
adult_to_child,Always-ADHD,Always-Control,Sensitivity,1.0,1.0,1.0,1.0,0.0009990009990009,0.3136863136863136,False
adult_to_child,Always-ADHD,Always-Control,Specificity,-1.0,-1.0,-1.0,-1.0,0.0009990009990009,0.3136863136863136,False
adult_to_child,Always-ADHD,Always-Control,Precision,,,,,,,False
adult_to_child,Always-ADHD,Always-Control,F1,,,,,,,False
adult_to_child,Always-ADHD,Always-Control,ROC_AUC,0.0,0.0,0.0,0.0,1.0,1.0,False
adult_to_child,Always-ADHD,Always-Control,PR_AUC,0.0,0.0,0.0,0.0,1.0,1.0,False
adult_to_child,Always-ADHD,Linear SVM (Welch band power),Accuracy,-0.0743801652892561,-0.1570247933884297,0.0082644628099173,-0.0743801652892561,0.3546453546453546,1.0,False
adult_to_child,Always-ADHD,Linear SVM (Welch band power),Balanced_Accuracy,-0.0797814207650272,-0.1623019125683059,0.0030054644808743,-0.0797814207650272,0.2467532467532467,1.0,False
adult_to_child,Always-ADHD,Linear SVM (Welch band power),Sensitivity,0.5737704918032787,0.4426229508196722,0.6885245901639344,0.5737704918032787,0.0009990009990009,0.3136863136863136,False
adult_to_child,Always-ADHD,Linear SVM (Welch band power),Specificity,-0.7333333333333333,-0.85,-0.6166666666666667,-0.7333333333333333,0.0009990009990009,0.3136863136863136,False
adult_to_child,Always-ADHD,Linear SVM (Welch band power),Precision,-0.1149153876426604,-0.2458677685950413,0.0041322314049586,-0.1149153876426604,0.0339660339660339,1.0,False
adult_to_child,Always-ADHD,Linear SVM (Welch band power),F1,0.1654753013976315,0.0521478521478522,0.2790253225035834,0.1654753013976315,0.0069930069930069,1.0,False
adult_to_child,Always-ADHD,Linear SVM (Welch band power),ROC_AUC,-0.1871584699453552,-0.2776366120218578,-0.0898838797814207,-0.1871584699453552,0.0169830169830169,1.0,False
adult_to_child,Always-ADHD,Linear SVM (Welch band power),PR_AUC,0.326035824869933,-0.4500226987036427,-0.2700870179256087,0.326035824869933,0.0009990009990009,0.3136863136863136,False
adult_to_child,Always-ADHD,Logistic Regression (Welch band power),Accuracy,-0.0991735537190082,-0.1818181818181818,-0.0165289256198347,-0.0991735537190082,0.2207792207792207,1.0,False
adult_to_child,Always-ADHD,Logistic Regression (Welch band power),Balanced_Accuracy,-0.1045081967213115,-0.1870252732240437,-0.0217213114754097,-0.1045081967213115,0.1488511488511488,1.0,False
adult_to_child,Always-ADHD,Logistic Regression (Welch band power),Sensitivity,0.540983606557377,0.4098360655737705,0.6721311475409837,0.540983606557377,0.0009990009990009,0.3136863136863136,False
adult_to_child,Always-ADHD,Logistic Regression (Welch band power),Specificity,-0.75,-0.8504166666666666,-0.6333333333333333,-0.75,0.0009990009990009,0.3136863136863136,False
adult_to_child,Always-ADHD,Logistic Regression (Welch band power),Precision,-0.1470305592927158,-0.2673288075560803,-0.0292011019283746,-0.1470305592927158,0.0059940059940059,1.0,False
adult_to_child,Always-ADHD,Logistic Regression (Welch band power),F1,0.1318681318681319,0.03316152873675,0.2503296703296704,0.1318681318681319,0.0419580419580419,1.0,False
adult_to_child,Always-ADHD,Logistic Regression (Welch band power),ROC_AUC,-0.1926229508196721,-0.2822882513661202,-0.0988729508196721,-0.1926229508196721,0.0389610389610389,1.0,False
adult_to_child,Always-ADHD,Logistic Regression (Welch band power),PR_AUC,0.3338774541755137,-0.4431286088941416,-0.2631160327390546,0.3338774541755137,0.0009990009990009,0.3136863136863136,False
adult_to_child,Always-ADHD,Majority-class Dummy,Accuracy,0.0082644628099173,0.0082644628099173,0.0082644628099173,0.0082644628099173,1.0,1.0,False
adult_to_child,Always-ADHD,Majority-class Dummy,Balanced_Accuracy,0.0,0.0,0.0,0.0,1.0,1.0,False
adult_to_child,Always-ADHD,Majority-class Dummy,Sensitivity,1.0,1.0,1.0,1.0,0.0009990009990009,0.3136863136863136,False
adult_to_child,Always-ADHD,Majority-class Dummy,Specificity,-1.0,-1.0,-1.0,-1.0,0.0009990009990009,0.3136863136863136,False
adult_to_child,Always-ADHD,Majority-class Dummy,Precision,,,,,,,False
adult_to_child,Always-ADHD,Majority-class Dummy,F1,,,,,,,False
adult_to_child,Always-ADHD,Majority-class Dummy,ROC_AUC,0.0,0.0,0.0,0.0,1.0,1.0,False
adult_to_child,Always-ADHD,Majority-class Dummy,PR_AUC,0.0,0.0,0.0,0.0,1.0,1.0,False
adult_to_child,Always-ADHD,Stratified Dummy,Accuracy,-0.0743801652892561,-0.1570247933884297,0.0082644628099173,-0.0743801652892561,0.3236763236763236,1.0,False
adult_to_child,Always-ADHD,Stratified Dummy,Balanced_Accuracy,-0.0786885245901638,-0.1613422131147541,0.0042349726775956,-0.0786885245901638,0.2017982017982018,1.0,False
adult_to_child,Always-ADHD,Stratified Dummy,Sensitivity,0.4426229508196722,0.3278688524590164,0.5737704918032787,0.4426229508196722,0.0009990009990009,0.3136863136863136,False
adult_to_child,Always-ADHD,Stratified Dummy,Specificity,-0.6,-0.7166666666666667,-0.4833333333333333,-0.6,0.0009990009990009,0.3136863136863136,False
adult_to_child,Always-ADHD,Stratified Dummy,Precision,-0.0820746651467654,-0.1738338702899565,0.0041322314049586,-0.0820746651467654,0.0739260739260739,1.0,False
adult_to_child,Always-ADHD,Stratified Dummy,F1,0.0989010989010988,0.0090393477490252,0.194179549264295,0.0989010989010988,0.0649350649350649,1.0,False
adult_to_child,Always-ADHD,Stratified Dummy,ROC_AUC,-0.0618852459016393,-0.1586338797814208,0.0416939890710382,-0.0618852459016393,0.5024975024975025,1.0,False
adult_to_child,Always-ADHD,Stratified Dummy,PR_AUC,0.4570086985849839,-0.3192950561883731,-0.1509704449421928,0.4570086985849839,0.0009990009990009,0.3136863136863136,False
adult_to_child,Always-Control,Linear SVM (Welch band power),Accuracy,-0.0826446280991735,-0.1652892561983471,-0.0082644628099173,-0.0826446280991735,0.1648351648351648,1.0,False
adult_to_child,Always-Control,Linear SVM (Welch band power),Balanced_Accuracy,-0.0797814207650272,-0.1622984972677595,-0.0050512295081967,-0.0797814207650272,0.1648351648351648,1.0,False
adult_to_child,Always-Control,Linear SVM (Welch band power),Sensitivity,-0.4262295081967213,-0.5573770491803278,-0.3114754098360656,-0.4262295081967213,0.0009990009990009,0.3136863136863136,False
adult_to_child,Always-Control,Linear SVM (Welch band power),Specificity,0.2666666666666667,0.1662499999999999,0.3833333333333333,0.2666666666666667,0.0009990009990009,0.3136863136863136,False
adult_to_child,Always-Control,Linear SVM (Welch band power),Precision,,,,,,,False
adult_to_child,Always-Control,Linear SVM (Welch band power),F1,,,,,,,False
adult_to_child,Always-Control,Linear SVM (Welch band power),ROC_AUC,-0.1871584699453552,-0.2757855191256831,-0.089863387978142,-0.1871584699453552,0.0069930069930069,1.0,False
adult_to_child,Always-Control,Linear SVM (Welch band power),PR_AUC,0.326035824869933,-0.4488732509179247,-0.2742383739205756,0.326035824869933,0.0009990009990009,0.3136863136863136,False
adult_to_child,Always-Control,Logistic Regression (Welch band power),Accuracy,-0.1074380165289256,-0.1900826446280992,-0.0165289256198346,-0.1074380165289256,0.0689310689310689,1.0,False
adult_to_child,Always-Control,Logistic Regression (Welch band power),Balanced_Accuracy,-0.1045081967213115,-0.1867486338797814,-0.0139310109289616,-0.1045081967213115,0.0689310689310689,1.0,False
adult_to_child,Always-Control,Logistic Regression (Welch band power),Sensitivity,-0.4590163934426229,-0.5901639344262295,-0.3442622950819672,-0.4590163934426229,0.0009990009990009,0.3136863136863136,False
adult_to_child,Always-Control,Logistic Regression (Welch band power),Specificity,0.25,0.15,0.3666666666666667,0.25,0.0009990009990009,0.3136863136863136,False
adult_to_child,Always-Control,Logistic Regression (Welch band power),Precision,,,,,,,False
adult_to_child,Always-Control,Logistic Regression (Welch band power),F1,,,,,,,False
adult_to_child,Always-Control,Logistic Regression (Welch band power),ROC_AUC,-0.1926229508196721,-0.2836065573770492,-0.0874248633879781,-0.1926229508196721,0.0389610389610389,1.0,False
adult_to_child,Always-Control,Logistic Regression (Welch band power),PR_AUC,0.3338774541755137,-0.4503145730430617,-0.2600328237718144,0.3338774541755137,0.0009990009990009,0.3136863136863136,False
adult_to_child,Always-Control,Majority-class Dummy,Accuracy,0.0,0.0,0.0,0.0,1.0,1.0,False
adult_to_child,Always-Control,Majority-class Dummy,Balanced_Accuracy,0.0,0.0,0.0,0.0,1.0,1.0,False
adult_to_child,Always-Control,Majority-class Dummy,Sensitivity,0.0,0.0,0.0,0.0,1.0,1.0,False
adult_to_child,Always-Control,Majority-class Dummy,Specificity,0.0,0.0,0.0,0.0,1.0,1.0,False
adult_to_child,Always-Control,Majority-class Dummy,Precision,,,,,,,False
adult_to_child,Always-Control,Majority-class Dummy,F1,,,,,,,False
adult_to_child,Always-Control,Majority-class Dummy,ROC_AUC,0.0,0.0,0.0,0.0,1.0,1.0,False
adult_to_child,Always-Control,Majority-class Dummy,PR_AUC,0.0,0.0,0.0,0.0,1.0,1.0,False
adult_to_child,Always-Control,Stratified Dummy,Accuracy,-0.0826446280991735,-0.1735537190082644,0.0,-0.0826446280991735,0.2517482517482518,1.0,False
adult_to_child,Always-Control,Stratified Dummy,Balanced_Accuracy,-0.0786885245901638,-0.1698087431693988,0.004238387978142,-0.0786885245901638,0.2517482517482518,1.0,False
adult_to_child,Always-Control,Stratified Dummy,Sensitivity,-0.5573770491803278,-0.6885245901639344,-0.4258196721311479,-0.5573770491803278,0.0009990009990009,0.3136863136863136,False
adult_to_child,Always-Control,Stratified Dummy,Specificity,0.4,0.2833333333333333,0.5333333333333333,0.4,0.0009990009990009,0.3136863136863136,False
adult_to_child,Always-Control,Stratified Dummy,Precision,,,,,,,False
adult_to_child,Always-Control,Stratified Dummy,F1,,,,,,,False
adult_to_child,Always-Control,Stratified Dummy,ROC_AUC,-0.0618852459016393,-0.1632684426229508,0.0400648907103824,-0.0618852459016393,0.4925074925074925,1.0,False
adult_to_child,Always-Control,Stratified Dummy,PR_AUC,0.4570086985849839,-0.3352315675956246,-0.1483595243207631,0.4570086985849839,0.0009990009990009,0.3136863136863136,False
adult_to_child,Linear SVM (Welch band power),Logistic Regression (Welch band power),Accuracy,-0.024793388429752,-0.0661157024793388,0.0165289256198347,-0.024793388429752,0.4365634365634365,1.0,False
adult_to_child,Linear SVM (Welch band power),Logistic Regression (Welch band power),Balanced_Accuracy,-0.0247267759562842,-0.0659836065573771,0.0163934426229508,-0.0247267759562842,0.3476523476523476,1.0,False
adult_to_child,Linear SVM (Welch band power),Logistic Regression (Welch band power),Sensitivity,-0.0327868852459016,-0.1147540983606557,0.0491803278688524,-0.0327868852459016,0.6673326673326674,1.0,False
adult_to_child,Linear SVM (Welch band power),Logistic Regression (Welch band power),Specificity,-0.0166666666666667,-0.05,0.0,-0.0166666666666667,1.0,1.0,False
adult_to_child,Linear SVM (Welch band power),Logistic Regression (Welch band power),Precision,-0.0321151716500553,-0.0898173371344102,0.0202438387635756,-0.0321151716500553,0.3476523476523476,1.0,False
adult_to_child,Linear SVM (Welch band power),Logistic Regression (Welch band power),F1,-0.0336071695294996,-0.1079456424079064,0.0403043097973135,-0.0336071695294996,0.4365634365634365,1.0,False
adult_to_child,Linear SVM (Welch band power),Logistic Regression (Welch band power),ROC_AUC,-0.0054644808743169,-0.0278756830601093,0.0166734972677596,-0.0054644808743169,0.929070929070929,1.0,False
adult_to_child,Linear SVM (Welch band power),Logistic Regression (Welch band power),PR_AUC,0.0078416293055807,-0.0204639868738957,0.0426508847912661,0.0078416293055807,0.8531468531468531,1.0,False
adult_to_child,Linear SVM (Welch band power),Majority-class Dummy,Accuracy,0.0826446280991735,0.0,0.1652892561983471,0.0826446280991735,0.1818181818181818,1.0,False
adult_to_child,Linear SVM (Welch band power),Majority-class Dummy,Balanced_Accuracy,0.0797814207650272,-0.0027390710382513,0.1624351092896175,0.0797814207650272,0.1818181818181818,1.0,False
adult_to_child,Linear SVM (Welch band power),Majority-class Dummy,Sensitivity,0.4262295081967213,0.2950819672131147,0.5573770491803278,0.4262295081967213,0.0009990009990009,0.3136863136863136,False
adult_to_child,Linear SVM (Welch band power),Majority-class Dummy,Specificity,-0.2666666666666667,-0.3666666666666667,-0.15,-0.2666666666666667,0.0009990009990009,0.3136863136863136,False
adult_to_child,Linear SVM (Welch band power),Majority-class Dummy,Precision,,,,,,,False
adult_to_child,Linear SVM (Welch band power),Majority-class Dummy,F1,,,,,,,False
adult_to_child,Linear SVM (Welch band power),Majority-class Dummy,ROC_AUC,0.1871584699453552,0.0920491803278688,0.2841666666666666,0.1871584699453552,0.0089910089910089,1.0,False
adult_to_child,Linear SVM (Welch band power),Majority-class Dummy,PR_AUC,-0.326035824869933,0.2635487522584372,0.452228151266564,-0.326035824869933,0.0009990009990009,0.3136863136863136,False
adult_to_child,Linear SVM (Welch band power),Stratified Dummy,Accuracy,0.0,-0.1322314049586777,0.1239669421487603,0.0,1.0,1.0,False
adult_to_child,Linear SVM (Welch band power),Stratified Dummy,Balanced_Accuracy,0.0010928961748634,-0.1310143442622951,0.1248668032786884,0.0010928961748634,0.912087912087912,1.0,False
adult_to_child,Linear SVM (Welch band power),Stratified Dummy,Sensitivity,-0.1311475409836065,-0.3282786885245902,0.0655737704918033,-0.1311475409836065,0.2127872127872128,1.0,False
adult_to_child,Linear SVM (Welch band power),Stratified Dummy,Specificity,0.1333333333333333,-0.0333333333333333,0.3,0.1333333333333333,0.1638361638361638,1.0,False
adult_to_child,Linear SVM (Welch band power),Stratified Dummy,Precision,0.0328407224958949,-0.1250348883572568,0.1925300462249614,0.0328407224958949,0.6603396603396603,1.0,False
adult_to_child,Linear SVM (Welch band power),Stratified Dummy,F1,-0.0665742024965326,-0.2391208904118351,0.0926816239316239,-0.0665742024965326,0.4095904095904096,1.0,False
adult_to_child,Linear SVM (Welch band power),Stratified Dummy,ROC_AUC,0.1252732240437158,-0.0213592896174864,0.2715983606557377,0.1252732240437158,0.1218781218781218,1.0,False
adult_to_child,Linear SVM (Welch band power),Stratified Dummy,PR_AUC,0.1309728737150509,-0.0025788777755181,0.2624294946484414,0.1309728737150509,0.0539460539460539,1.0,False
adult_to_child,Logistic Regression (Welch band power),Majority-class Dummy,Accuracy,0.1074380165289256,0.024793388429752,0.1820247933884295,0.1074380165289256,0.0609390609390609,1.0,False
adult_to_child,Logistic Regression (Welch band power),Majority-class Dummy,Balanced_Accuracy,0.1045081967213115,0.0219911202185792,0.1795560109289615,0.1045081967213115,0.0609390609390609,1.0,False
adult_to_child,Logistic Regression (Welch band power),Majority-class Dummy,Sensitivity,0.4590163934426229,0.3442622950819672,0.5737704918032787,0.4590163934426229,0.0009990009990009,0.3136863136863136,False
adult_to_child,Logistic Regression (Welch band power),Majority-class Dummy,Specificity,-0.25,-0.3504166666666666,-0.15,-0.25,0.0009990009990009,0.3136863136863136,False
adult_to_child,Logistic Regression (Welch band power),Majority-class Dummy,Precision,,,,,,,False
adult_to_child,Logistic Regression (Welch band power),Majority-class Dummy,F1,,,,,,,False
adult_to_child,Logistic Regression (Welch band power),Majority-class Dummy,ROC_AUC,0.1926229508196721,0.0972609289617486,0.2798428961748633,0.1926229508196721,0.0379620379620379,1.0,False
adult_to_child,Logistic Regression (Welch band power),Majority-class Dummy,PR_AUC,-0.3338774541755137,0.2635097680982718,0.4349529883397396,-0.3338774541755137,0.0009990009990009,0.3136863136863136,False
adult_to_child,Logistic Regression (Welch band power),Stratified Dummy,Accuracy,0.024793388429752,-0.0991735537190082,0.1570247933884297,0.024793388429752,0.7992007992007992,1.0,False
adult_to_child,Logistic Regression (Welch band power),Stratified Dummy,Balanced_Accuracy,0.0258196721311476,-0.0976844262295082,0.1580601092896174,0.0258196721311476,0.6203796203796204,1.0,False
adult_to_child,Logistic Regression (Welch band power),Stratified Dummy,Sensitivity,-0.0983606557377048,-0.2786885245901639,0.0983606557377048,-0.0983606557377048,0.3806193806193806,1.0,False
adult_to_child,Logistic Regression (Welch band power),Stratified Dummy,Specificity,0.15,-0.0166666666666666,0.3166666666666666,0.15,0.1158841158841158,1.0,False
adult_to_child,Logistic Regression (Welch band power),Stratified Dummy,Precision,0.0649558941459503,-0.0874783364958886,0.2173240955068649,0.0649558941459503,0.4205794205794206,1.0,False
adult_to_child,Logistic Regression (Welch band power),Stratified Dummy,F1,-0.032967032967033,-0.1954692826283056,0.1256732515142494,-0.032967032967033,0.6703296703296703,1.0,False
adult_to_child,Logistic Regression (Welch band power),Stratified Dummy,ROC_AUC,0.1307377049180328,-0.0121857923497267,0.2841154371584698,0.1307377049180328,0.0869130869130869,1.0,False
adult_to_child,Logistic Regression (Welch band power),Stratified Dummy,PR_AUC,0.1231312444094702,-0.0103640397077358,0.259300968905878,0.1231312444094702,0.0769230769230769,1.0,False
adult_to_child,Majority-class Dummy,Stratified Dummy,Accuracy,-0.0826446280991735,-0.1652892561983471,0.0002066115702477,-0.0826446280991735,0.2537462537462537,1.0,False
adult_to_child,Majority-class Dummy,Stratified Dummy,Balanced_Accuracy,-0.0786885245901638,-0.1613422131147541,0.0048224043715845,-0.0786885245901638,0.2537462537462537,1.0,False
adult_to_child,Majority-class Dummy,Stratified Dummy,Sensitivity,-0.5573770491803278,-0.6721311475409836,-0.4262295081967213,-0.5573770491803278,0.0009990009990009,0.3136863136863136,False
adult_to_child,Majority-class Dummy,Stratified Dummy,Specificity,0.4,0.2666666666666667,0.5166666666666666,0.4,0.0009990009990009,0.3136863136863136,False
adult_to_child,Majority-class Dummy,Stratified Dummy,Precision,,,,,,,False
adult_to_child,Majority-class Dummy,Stratified Dummy,F1,,,,,,,False
adult_to_child,Majority-class Dummy,Stratified Dummy,ROC_AUC,-0.0618852459016393,-0.1561782786885245,0.0403142076502732,-0.0618852459016393,0.5374625374625375,1.0,False
adult_to_child,Majority-class Dummy,Stratified Dummy,PR_AUC,0.4570086985849839,-0.3159522584211581,-0.1492868343712964,0.4570086985849839,0.0009990009990009,0.3136863136863136,False
child_to_adult,Always-ADHD,Always-Control,Accuracy,0.0,0.0,0.0,0.0,1.0,1.0,False
child_to_adult,Always-ADHD,Always-Control,Balanced_Accuracy,0.0,0.0,0.0,0.0,1.0,1.0,False
child_to_adult,Always-ADHD,Always-Control,Sensitivity,1.0,1.0,1.0,1.0,0.0049950049950049,1.0,False
child_to_adult,Always-ADHD,Always-Control,Specificity,-1.0,-1.0,-1.0,-1.0,0.0069930069930069,1.0,False
child_to_adult,Always-ADHD,Always-Control,Precision,,,,,,,False
child_to_adult,Always-ADHD,Always-Control,F1,,,,,,,False
child_to_adult,Always-ADHD,Always-Control,ROC_AUC,0.0,0.0,0.0,0.0,1.0,1.0,False
child_to_adult,Always-ADHD,Always-Control,PR_AUC,0.0,0.0,0.0,0.0,1.0,1.0,False
child_to_adult,Always-ADHD,Linear SVM (Welch band power),Accuracy,0.0625,0.0,0.1875,0.0625,1.0,1.0,False
child_to_adult,Always-ADHD,Linear SVM (Welch band power),Balanced_Accuracy,0.0625,0.0,0.1875,0.0625,1.0,1.0,False
child_to_adult,Always-ADHD,Linear SVM (Welch band power),Sensitivity,1.0,1.0,1.0,1.0,0.0079920079920079,1.0,False
child_to_adult,Always-ADHD,Linear SVM (Welch band power),Specificity,-0.875,-1.0,-0.625,-0.875,0.0159840159840159,1.0,False
child_to_adult,Always-ADHD,Linear SVM (Welch band power),Precision,0.5,0.5,0.5,0.5,0.0299700299700299,1.0,False
child_to_adult,Always-ADHD,Linear SVM (Welch band power),F1,0.6666666666666666,0.6666666666666666,0.6666666666666666,0.6666666666666666,0.0099900099900099,1.0,False
child_to_adult,Always-ADHD,Linear SVM (Welch band power),ROC_AUC,-0.03125,-0.3125,0.265625,-0.03125,0.9310689310689312,1.0,False
child_to_adult,Always-ADHD,Linear SVM (Welch band power),PR_AUC,0.4368589743589743,-0.5176107572982572,-0.0701614878177378,0.4368589743589743,0.0209790209790209,1.0,False
child_to_adult,Always-ADHD,Logistic Regression (Welch band power),Accuracy,0.0,-0.125,0.1875,0.0,1.0,1.0,False
child_to_adult,Always-ADHD,Logistic Regression (Welch band power),Balanced_Accuracy,0.0,-0.125,0.1875,0.0,1.0,1.0,False
child_to_adult,Always-ADHD,Logistic Regression (Welch band power),Sensitivity,0.875,0.625,1.0,0.875,0.0199800199800199,1.0,False
child_to_adult,Always-ADHD,Logistic Regression (Welch band power),Specificity,-0.875,-1.0,-0.625,-0.875,0.0129870129870129,1.0,False
child_to_adult,Always-ADHD,Logistic Regression (Welch band power),Precision,0.0,-0.5,0.5,0.0,1.0,1.0,False
child_to_adult,Always-ADHD,Logistic Regression (Welch band power),F1,0.4666666666666666,0.1366666666666667,0.6666666666666666,0.4666666666666666,0.0749250749250749,1.0,False
child_to_adult,Always-ADHD,Logistic Regression (Welch band power),ROC_AUC,-0.015625,-0.296875,0.28125,-0.015625,0.974025974025974,1.0,False
child_to_adult,Always-ADHD,Logistic Regression (Welch band power),PR_AUC,0.4395299145299145,-0.5247042367354868,-0.0652777777777777,0.4395299145299145,0.0379620379620379,1.0,False
child_to_adult,Always-ADHD,Majority-class Dummy,Accuracy,0.0,0.0,0.0,0.0,1.0,1.0,False
child_to_adult,Always-ADHD,Majority-class Dummy,Balanced_Accuracy,0.0,0.0,0.0,0.0,1.0,1.0,False
child_to_adult,Always-ADHD,Majority-class Dummy,Sensitivity,0.0,0.0,0.0,0.0,1.0,1.0,False
child_to_adult,Always-ADHD,Majority-class Dummy,Specificity,0.0,0.0,0.0,0.0,1.0,1.0,False
child_to_adult,Always-ADHD,Majority-class Dummy,Precision,0.0,0.0,0.0,0.0,1.0,1.0,False
child_to_adult,Always-ADHD,Majority-class Dummy,F1,0.0,0.0,0.0,0.0,1.0,1.0,False
child_to_adult,Always-ADHD,Majority-class Dummy,ROC_AUC,0.0,0.0,0.0,0.0,1.0,1.0,False
child_to_adult,Always-ADHD,Majority-class Dummy,PR_AUC,0.0,0.0,0.0,0.0,1.0,1.0,False
child_to_adult,Always-ADHD,Stratified Dummy,Accuracy,0.0,0.0,0.0,0.0,1.0,1.0,False
child_to_adult,Always-ADHD,Stratified Dummy,Balanced_Accuracy,0.0,0.0,0.0,0.0,1.0,1.0,False
child_to_adult,Always-ADHD,Stratified Dummy,Sensitivity,0.0,0.0,0.0,0.0,1.0,1.0,False
child_to_adult,Always-ADHD,Stratified Dummy,Specificity,0.0,0.0,0.0,0.0,1.0,1.0,False
child_to_adult,Always-ADHD,Stratified Dummy,Precision,0.0,0.0,0.0,0.0,1.0,1.0,False
child_to_adult,Always-ADHD,Stratified Dummy,F1,0.0,0.0,0.0,0.0,1.0,1.0,False
child_to_adult,Always-ADHD,Stratified Dummy,ROC_AUC,0.40625,0.171875,0.5,0.40625,0.1398601398601398,1.0,False
child_to_adult,Always-ADHD,Stratified Dummy,PR_AUC,0.6350940725940726,-0.2111111111111111,0.0,0.6350940725940726,0.0089910089910089,1.0,False
child_to_adult,Always-Control,Linear SVM (Welch band power),Accuracy,0.0625,0.0,0.1875,0.0625,1.0,1.0,False
child_to_adult,Always-Control,Linear SVM (Welch band power),Balanced_Accuracy,0.0625,0.0,0.1875,0.0625,1.0,1.0,False
child_to_adult,Always-Control,Linear SVM (Welch band power),Sensitivity,0.0,0.0,0.0,0.0,1.0,1.0,False
child_to_adult,Always-Control,Linear SVM (Welch band power),Specificity,0.125,0.0,0.375,0.125,1.0,1.0,False
child_to_adult,Always-Control,Linear SVM (Welch band power),Precision,,,,,,,False
child_to_adult,Always-Control,Linear SVM (Welch band power),F1,,,,,,,False
child_to_adult,Always-Control,Linear SVM (Welch band power),ROC_AUC,-0.03125,-0.328125,0.28125,-0.03125,0.936063936063936,1.0,False
child_to_adult,Always-Control,Linear SVM (Welch band power),PR_AUC,0.4368589743589743,-0.5204496891996891,-0.0638916465478965,0.4368589743589743,0.0459540459540459,1.0,False
child_to_adult,Always-Control,Logistic Regression (Welch band power),Accuracy,0.0,-0.1875,0.1265624999999985,0.0,1.0,1.0,False
child_to_adult,Always-Control,Logistic Regression (Welch band power),Balanced_Accuracy,0.0,-0.1875,0.1265624999999985,0.0,1.0,1.0,False
child_to_adult,Always-Control,Logistic Regression (Welch band power),Sensitivity,-0.125,-0.375,0.0,-0.125,1.0,1.0,False
child_to_adult,Always-Control,Logistic Regression (Welch band power),Specificity,0.125,0.0,0.375,0.125,1.0,1.0,False
child_to_adult,Always-Control,Logistic Regression (Welch band power),Precision,,,,,,,False
child_to_adult,Always-Control,Logistic Regression (Welch band power),F1,,,,,,,False
child_to_adult,Always-Control,Logistic Regression (Welch band power),ROC_AUC,-0.015625,-0.328515625,0.296875,-0.015625,0.978021978021978,1.0,False
child_to_adult,Always-Control,Logistic Regression (Welch band power),PR_AUC,0.4395299145299145,-0.5337495403901654,-0.0582555812243312,0.4395299145299145,0.0529470529470529,1.0,False
child_to_adult,Always-Control,Majority-class Dummy,Accuracy,0.0,0.0,0.0,0.0,1.0,1.0,False
child_to_adult,Always-Control,Majority-class Dummy,Balanced_Accuracy,0.0,0.0,0.0,0.0,1.0,1.0,False
child_to_adult,Always-Control,Majority-class Dummy,Sensitivity,-1.0,-1.0,-1.0,-1.0,0.0089910089910089,1.0,False
child_to_adult,Always-Control,Majority-class Dummy,Specificity,1.0,1.0,1.0,1.0,0.0099900099900099,1.0,False
child_to_adult,Always-Control,Majority-class Dummy,Precision,,,,,,,False
child_to_adult,Always-Control,Majority-class Dummy,F1,,,,,,,False
child_to_adult,Always-Control,Majority-class Dummy,ROC_AUC,0.0,0.0,0.0,0.0,1.0,1.0,False
child_to_adult,Always-Control,Majority-class Dummy,PR_AUC,0.0,0.0,0.0,0.0,1.0,1.0,False
child_to_adult,Always-Control,Stratified Dummy,Accuracy,0.0,0.0,0.0,0.0,1.0,1.0,False
child_to_adult,Always-Control,Stratified Dummy,Balanced_Accuracy,0.0,0.0,0.0,0.0,1.0,1.0,False
child_to_adult,Always-Control,Stratified Dummy,Sensitivity,-1.0,-1.0,-1.0,-1.0,0.0079920079920079,1.0,False
child_to_adult,Always-Control,Stratified Dummy,Specificity,1.0,1.0,1.0,1.0,0.0049950049950049,1.0,False
child_to_adult,Always-Control,Stratified Dummy,Precision,,,,,,,False
child_to_adult,Always-Control,Stratified Dummy,F1,,,,,,,False
child_to_adult,Always-Control,Stratified Dummy,ROC_AUC,0.40625,0.21875,0.5,0.40625,0.1528471528471528,1.0,False
child_to_adult,Always-Control,Stratified Dummy,PR_AUC,0.6350940725940726,-0.2111111111111111,0.0,0.6350940725940726,0.0049950049950049,1.0,False
child_to_adult,Linear SVM (Welch band power),Logistic Regression (Welch band power),Accuracy,-0.0625,-0.1875,0.0,-0.0625,1.0,1.0,False
child_to_adult,Linear SVM (Welch band power),Logistic Regression (Welch band power),Balanced_Accuracy,-0.0625,-0.1875,0.0,-0.0625,1.0,1.0,False
child_to_adult,Linear SVM (Welch band power),Logistic Regression (Welch band power),Sensitivity,-0.125,-0.375,0.0,-0.125,1.0,1.0,False
child_to_adult,Linear SVM (Welch band power),Logistic Regression (Welch band power),Specificity,0.0,0.0,0.0,0.0,1.0,1.0,False
child_to_adult,Linear SVM (Welch band power),Logistic Regression (Welch band power),Precision,-0.5,-0.75,0.0,-0.5,1.0,1.0,False
child_to_adult,Linear SVM (Welch band power),Logistic Regression (Welch band power),F1,-0.2,-0.5,0.0,-0.2,1.0,1.0,False
child_to_adult,Linear SVM (Welch band power),Logistic Regression (Welch band power),ROC_AUC,0.015625,-0.0625,0.140625,0.015625,0.973026973026973,1.0,False
child_to_adult,Linear SVM (Welch band power),Logistic Regression (Welch band power),PR_AUC,0.0026709401709401,-0.0333474251443,0.0492579642579642,0.0026709401709401,0.988011988011988,1.0,False
child_to_adult,Linear SVM (Welch band power),Majority-class Dummy,Accuracy,-0.0625,-0.1875,0.0,-0.0625,1.0,1.0,False
child_to_adult,Linear SVM (Welch band power),Majority-class Dummy,Balanced_Accuracy,-0.0625,-0.1875,0.0,-0.0625,1.0,1.0,False
child_to_adult,Linear SVM (Welch band power),Majority-class Dummy,Sensitivity,-1.0,-1.0,-1.0,-1.0,0.0089910089910089,1.0,False
child_to_adult,Linear SVM (Welch band power),Majority-class Dummy,Specificity,0.875,0.625,1.0,0.875,0.0129870129870129,1.0,False
child_to_adult,Linear SVM (Welch band power),Majority-class Dummy,Precision,-0.5,-0.5,-0.5,-0.5,0.0319680319680319,1.0,False
child_to_adult,Linear SVM (Welch band power),Majority-class Dummy,F1,-0.6666666666666666,-0.6666666666666666,-0.6666666666666666,-0.6666666666666666,0.0129870129870129,1.0,False
child_to_adult,Linear SVM (Welch band power),Majority-class Dummy,ROC_AUC,0.03125,-0.250390625,0.328125,0.03125,0.932067932067932,1.0,False
child_to_adult,Linear SVM (Welch band power),Majority-class Dummy,PR_AUC,-0.4368589743589743,0.0709078508297258,0.542038517038517,-0.4368589743589743,0.0399600399600399,1.0,False
child_to_adult,Linear SVM (Welch band power),Stratified Dummy,Accuracy,-0.0625,-0.1875,0.0,-0.0625,1.0,1.0,False
child_to_adult,Linear SVM (Welch band power),Stratified Dummy,Balanced_Accuracy,-0.0625,-0.1875,0.0,-0.0625,1.0,1.0,False
child_to_adult,Linear SVM (Welch band power),Stratified Dummy,Sensitivity,-1.0,-1.0,-1.0,-1.0,0.0079920079920079,1.0,False
child_to_adult,Linear SVM (Welch band power),Stratified Dummy,Specificity,0.875,0.625,1.0,0.875,0.0199800199800199,1.0,False
child_to_adult,Linear SVM (Welch band power),Stratified Dummy,Precision,-0.5,-0.5,-0.5,-0.5,0.0539460539460539,1.0,False
child_to_adult,Linear SVM (Welch band power),Stratified Dummy,F1,-0.6666666666666666,-0.6666666666666666,-0.6666666666666666,-0.6666666666666666,0.0159840159840159,1.0,False
child_to_adult,Linear SVM (Welch band power),Stratified Dummy,ROC_AUC,0.4375,0.046484375,0.796875,0.4375,0.1438561438561438,1.0,False
child_to_adult,Linear SVM (Welch band power),Stratified Dummy,PR_AUC,0.1982350982350982,0.0055986201298701,0.4914805333555334,0.1982350982350982,0.1988011988011988,1.0,False
child_to_adult,Logistic Regression (Welch band power),Majority-class Dummy,Accuracy,0.0,-0.1875,0.1265624999999985,0.0,1.0,1.0,False
child_to_adult,Logistic Regression (Welch band power),Majority-class Dummy,Balanced_Accuracy,0.0,-0.1875,0.1265624999999985,0.0,1.0,1.0,False
child_to_adult,Logistic Regression (Welch band power),Majority-class Dummy,Sensitivity,-0.875,-1.0,-0.625,-0.875,0.0039960039960039,1.0,False
child_to_adult,Logistic Regression (Welch band power),Majority-class Dummy,Specificity,0.875,0.625,1.0,0.875,0.0159840159840159,1.0,False
child_to_adult,Logistic Regression (Welch band power),Majority-class Dummy,Precision,0.0,-0.5,0.5,0.0,1.0,1.0,False
child_to_adult,Logistic Regression (Welch band power),Majority-class Dummy,F1,-0.4666666666666666,-0.6666666666666666,-0.1212121212121212,-0.4666666666666666,0.0639360639360639,1.0,False
child_to_adult,Logistic Regression (Welch band power),Majority-class Dummy,ROC_AUC,0.015625,-0.28125,0.328125,0.015625,0.981018981018981,1.0,False
child_to_adult,Logistic Regression (Welch band power),Majority-class Dummy,PR_AUC,-0.4395299145299145,0.0617858270202019,0.542038517038517,-0.4395299145299145,0.0239760239760239,1.0,False
child_to_adult,Logistic Regression (Welch band power),Stratified Dummy,Accuracy,0.0,-0.125,0.125,0.0,1.0,1.0,False
child_to_adult,Logistic Regression (Welch band power),Stratified Dummy,Balanced_Accuracy,0.0,-0.125,0.125,0.0,1.0,1.0,False
child_to_adult,Logistic Regression (Welch band power),Stratified Dummy,Sensitivity,-0.875,-1.0,-0.625,-0.875,0.0199800199800199,1.0,False
child_to_adult,Logistic Regression (Welch band power),Stratified Dummy,Specificity,0.875,0.625,1.0,0.875,0.0119880119880119,1.0,False
child_to_adult,Logistic Regression (Welch band power),Stratified Dummy,Precision,0.0,-0.5,0.5,0.0,1.0,1.0,False
child_to_adult,Logistic Regression (Welch band power),Stratified Dummy,F1,-0.4666666666666666,-0.6666666666666666,-0.1212121212121212,-0.4666666666666666,0.0699300699300699,1.0,False
child_to_adult,Logistic Regression (Welch band power),Stratified Dummy,ROC_AUC,0.421875,0.03125,0.8125,0.421875,0.1228771228771228,1.0,False
child_to_adult,Logistic Regression (Welch band power),Stratified Dummy,PR_AUC,0.1955641580641581,0.0027698863636363,0.5100158522033521,0.1955641580641581,0.0909090909090909,1.0,False
child_to_adult,Majority-class Dummy,Stratified Dummy,Accuracy,0.0,0.0,0.0,0.0,1.0,1.0,False
child_to_adult,Majority-class Dummy,Stratified Dummy,Balanced_Accuracy,0.0,0.0,0.0,0.0,1.0,1.0,False
child_to_adult,Majority-class Dummy,Stratified Dummy,Sensitivity,0.0,0.0,0.0,0.0,1.0,1.0,False
child_to_adult,Majority-class Dummy,Stratified Dummy,Specificity,0.0,0.0,0.0,0.0,1.0,1.0,False
child_to_adult,Majority-class Dummy,Stratified Dummy,Precision,0.0,0.0,0.0,0.0,1.0,1.0,False
child_to_adult,Majority-class Dummy,Stratified Dummy,F1,0.0,0.0,0.0,0.0,1.0,1.0,False
child_to_adult,Majority-class Dummy,Stratified Dummy,ROC_AUC,0.40625,0.21875,0.5,0.40625,0.1498501498501498,1.0,False
child_to_adult,Majority-class Dummy,Stratified Dummy,PR_AUC,0.6350940725940726,-0.2111111111111111,0.0,0.6350940725940726,0.0099900099900099,1.0,False
combined_holdout,Always-ADHD,Always-Control,Accuracy,0.0,0.0,0.0,0.0,1.0,1.0,False
combined_holdout,Always-ADHD,Always-Control,Balanced_Accuracy,0.0,0.0,0.0,0.0,1.0,1.0,False
combined_holdout,Always-ADHD,Always-Control,Sensitivity,1.0,1.0,1.0,1.0,0.0009990009990009,0.3136863136863136,False
combined_holdout,Always-ADHD,Always-Control,Specificity,-1.0,-1.0,-1.0,-1.0,0.0009990009990009,0.3136863136863136,False
combined_holdout,Always-ADHD,Always-Control,Precision,,,,,,,False
combined_holdout,Always-ADHD,Always-Control,F1,,,,,,,False
combined_holdout,Always-ADHD,Always-Control,ROC_AUC,0.0,0.0,0.0,0.0,1.0,1.0,False
combined_holdout,Always-ADHD,Always-Control,PR_AUC,0.0,0.0,0.0,0.0,1.0,1.0,False
combined_holdout,Always-ADHD,Linear SVM (Welch band power),Accuracy,-0.1071428571428571,-0.25,0.0357142857142857,-0.1071428571428571,0.4505494505494505,1.0,False
combined_holdout,Always-ADHD,Linear SVM (Welch band power),Balanced_Accuracy,-0.1071428571428571,-0.25,0.0357142857142857,-0.1071428571428571,0.4505494505494505,1.0,False
combined_holdout,Always-ADHD,Linear SVM (Welch band power),Sensitivity,0.1428571428571429,0.0,0.3571428571428571,0.1428571428571429,0.5064935064935064,1.0,False
combined_holdout,Always-ADHD,Linear SVM (Welch band power),Specificity,-0.3571428571428571,-0.5714285714285714,-0.1428571428571428,-0.3571428571428571,0.0529470529470529,1.0,False
combined_holdout,Always-ADHD,Linear SVM (Welch band power),Precision,-0.0714285714285714,-0.1875,0.0263157894736842,-0.0714285714285714,0.1298701298701298,1.0,False
combined_holdout,Always-ADHD,Linear SVM (Welch band power),F1,-0.019047619047619,-0.1333333333333334,0.1149425287356322,-0.019047619047619,0.6183816183816184,1.0,False
combined_holdout,Always-ADHD,Linear SVM (Welch band power),ROC_AUC,-0.1326530612244898,-0.3470663265306123,0.0817602040816325,-0.1326530612244898,0.4675324675324675,1.0,False
combined_holdout,Always-ADHD,Linear SVM (Welch band power),PR_AUC,0.4049970155286194,-0.525955346392565,-0.129195330905028,0.4049970155286194,0.0129870129870129,1.0,False
combined_holdout,Always-ADHD,Logistic Regression (Welch band power),Accuracy,-0.1071428571428571,-0.25,0.0357142857142857,-0.1071428571428571,0.4825174825174825,1.0,False
combined_holdout,Always-ADHD,Logistic Regression (Welch band power),Balanced_Accuracy,-0.1071428571428571,-0.25,0.0357142857142857,-0.1071428571428571,0.4825174825174825,1.0,False
combined_holdout,Always-ADHD,Logistic Regression (Welch band power),Sensitivity,0.1428571428571429,0.0,0.3571428571428571,0.1428571428571429,0.5164835164835165,1.0,False
combined_holdout,Always-ADHD,Logistic Regression (Welch band power),Specificity,-0.3571428571428571,-0.5714285714285714,-0.1428571428571428,-0.3571428571428571,0.0729270729270729,1.0,False
combined_holdout,Always-ADHD,Logistic Regression (Welch band power),Precision,-0.0714285714285714,-0.1999999999999999,0.0238721804511277,-0.0714285714285714,0.1618381618381618,1.0,False
combined_holdout,Always-ADHD,Logistic Regression (Welch band power),F1,-0.019047619047619,-0.1333333333333334,0.1041666666666665,-0.019047619047619,0.6233766233766234,1.0,False
combined_holdout,Always-ADHD,Logistic Regression (Welch band power),ROC_AUC,-0.1479591836734693,-0.3419642857142857,0.0765306122448979,-0.1479591836734693,0.4745254745254745,1.0,False
combined_holdout,Always-ADHD,Logistic Regression (Welch band power),PR_AUC,0.3811380846044712,-0.5422886052236402,-0.1425776590663923,0.3811380846044712,0.0159840159840159,1.0,False
combined_holdout,Always-ADHD,Majority-class Dummy,Accuracy,0.0,0.0,0.0,0.0,1.0,1.0,False
combined_holdout,Always-ADHD,Majority-class Dummy,Balanced_Accuracy,0.0,0.0,0.0,0.0,1.0,1.0,False
combined_holdout,Always-ADHD,Majority-class Dummy,Sensitivity,1.0,1.0,1.0,1.0,0.0019980019980019,0.5554445554445554,False
combined_holdout,Always-ADHD,Majority-class Dummy,Specificity,-1.0,-1.0,-1.0,-1.0,0.0009990009990009,0.3136863136863136,False
combined_holdout,Always-ADHD,Majority-class Dummy,Precision,,,,,,,False
combined_holdout,Always-ADHD,Majority-class Dummy,F1,,,,,,,False
combined_holdout,Always-ADHD,Majority-class Dummy,ROC_AUC,0.0,0.0,0.0,0.0,1.0,1.0,False
combined_holdout,Always-ADHD,Majority-class Dummy,PR_AUC,0.0,0.0,0.0,0.0,1.0,1.0,False
combined_holdout,Always-ADHD,Stratified Dummy,Accuracy,0.0357142857142857,-0.1071428571428571,0.1785714285714285,0.0357142857142857,1.0,1.0,False
combined_holdout,Always-ADHD,Stratified Dummy,Balanced_Accuracy,0.0357142857142857,-0.1071428571428571,0.1785714285714286,0.0357142857142857,1.0,1.0,False
combined_holdout,Always-ADHD,Stratified Dummy,Sensitivity,0.8571428571428572,0.6428571428571428,1.0,0.8571428571428572,0.0009990009990009,0.3136863136863136,False
combined_holdout,Always-ADHD,Stratified Dummy,Specificity,-0.7857142857142857,-1.0,-0.5714285714285714,-0.7857142857142857,0.0019980019980019,0.5554445554445554,False
combined_holdout,Always-ADHD,Stratified Dummy,Precision,0.0999999999999999,-0.5,0.5,0.0999999999999999,0.4235764235764235,1.0,False
combined_holdout,Always-ADHD,Stratified Dummy,F1,0.4561403508771929,0.2121212121212121,0.6666666666666666,0.4561403508771929,0.0079920079920079,1.0,False
combined_holdout,Always-ADHD,Stratified Dummy,ROC_AUC,-0.0714285714285714,-0.2959183673469387,0.163265306122449,-0.0714285714285714,0.7242757242757243,1.0,False
combined_holdout,Always-ADHD,Stratified Dummy,PR_AUC,0.4448317470125107,-0.4576537987921731,-0.0976725724506952,0.4448317470125107,0.0019980019980019,0.5554445554445554,False
combined_holdout,Always-Control,Linear SVM (Welch band power),Accuracy,-0.1071428571428571,-0.25,0.0714285714285714,-0.1071428571428571,0.6843156843156843,1.0,False
combined_holdout,Always-Control,Linear SVM (Welch band power),Balanced_Accuracy,-0.1071428571428571,-0.25,0.0714285714285714,-0.1071428571428571,0.6843156843156843,1.0,False
combined_holdout,Always-Control,Linear SVM (Welch band power),Sensitivity,-0.8571428571428571,-1.0,-0.6428571428571429,-0.8571428571428571,0.0009990009990009,0.3136863136863136,False
combined_holdout,Always-Control,Linear SVM (Welch band power),Specificity,0.6428571428571428,0.4285714285714286,0.8571428571428572,0.6428571428571428,0.0099900099900099,1.0,False
combined_holdout,Always-Control,Linear SVM (Welch band power),Precision,,,,,,,False
combined_holdout,Always-Control,Linear SVM (Welch band power),F1,,,,,,,False
combined_holdout,Always-Control,Linear SVM (Welch band power),ROC_AUC,-0.1326530612244898,-0.3317602040816326,0.086862244897959,-0.1326530612244898,0.4105894105894105,1.0,False
combined_holdout,Always-Control,Linear SVM (Welch band power),PR_AUC,0.4049970155286194,-0.5147667831206731,-0.1268365669445205,0.4049970155286194,0.0269730269730269,1.0,False
combined_holdout,Always-Control,Logistic Regression (Welch band power),Accuracy,-0.1071428571428571,-0.25,0.0357142857142857,-0.1071428571428571,0.6333666333666333,1.0,False
combined_holdout,Always-Control,Logistic Regression (Welch band power),Balanced_Accuracy,-0.1071428571428571,-0.25,0.0357142857142857,-0.1071428571428571,0.6333666333666333,1.0,False
combined_holdout,Always-Control,Logistic Regression (Welch band power),Sensitivity,-0.8571428571428571,-1.0,-0.6428571428571429,-0.8571428571428571,0.0029970029970029,0.8151848151848152,False
combined_holdout,Always-Control,Logistic Regression (Welch band power),Specificity,0.6428571428571428,0.3571428571428571,0.8571428571428572,0.6428571428571428,0.0059940059940059,1.0,False
combined_holdout,Always-Control,Logistic Regression (Welch band power),Precision,,,,,,,False
combined_holdout,Always-Control,Logistic Regression (Welch band power),F1,,,,,,,False
combined_holdout,Always-Control,Logistic Regression (Welch band power),ROC_AUC,-0.1479591836734693,-0.3521683673469388,0.0765306122448979,-0.1479591836734693,0.4245754245754246,1.0,False
combined_holdout,Always-Control,Logistic Regression (Welch band power),PR_AUC,0.3811380846044712,-0.5400865118863053,-0.1404587684818513,0.3811380846044712,0.0409590409590409,1.0,False
combined_holdout,Always-Control,Majority-class Dummy,Accuracy,0.0,0.0,0.0,0.0,1.0,1.0,False
combined_holdout,Always-Control,Majority-class Dummy,Balanced_Accuracy,0.0,0.0,0.0,0.0,1.0,1.0,False
combined_holdout,Always-Control,Majority-class Dummy,Sensitivity,0.0,0.0,0.0,0.0,1.0,1.0,False
combined_holdout,Always-Control,Majority-class Dummy,Specificity,0.0,0.0,0.0,0.0,1.0,1.0,False
combined_holdout,Always-Control,Majority-class Dummy,Precision,,,,,,,False
combined_holdout,Always-Control,Majority-class Dummy,F1,,,,,,,False
combined_holdout,Always-Control,Majority-class Dummy,ROC_AUC,0.0,0.0,0.0,0.0,1.0,1.0,False
combined_holdout,Always-Control,Majority-class Dummy,PR_AUC,0.0,0.0,0.0,0.0,1.0,1.0,False
combined_holdout,Always-Control,Stratified Dummy,Accuracy,0.0357142857142857,-0.1071428571428571,0.1785714285714285,0.0357142857142857,1.0,1.0,False
combined_holdout,Always-Control,Stratified Dummy,Balanced_Accuracy,0.0357142857142857,-0.1071428571428571,0.1785714285714286,0.0357142857142857,1.0,1.0,False
combined_holdout,Always-Control,Stratified Dummy,Sensitivity,-0.1428571428571428,-0.3571428571428571,0.0,-0.1428571428571428,0.5144855144855145,1.0,False
combined_holdout,Always-Control,Stratified Dummy,Specificity,0.2142857142857143,0.0,0.4285714285714286,0.2142857142857143,0.2647352647352647,1.0,False
combined_holdout,Always-Control,Stratified Dummy,Precision,,,,,,,False
combined_holdout,Always-Control,Stratified Dummy,F1,,,,,,,False
combined_holdout,Always-Control,Stratified Dummy,ROC_AUC,-0.0714285714285714,-0.2857142857142857,0.1530612244897959,-0.0714285714285714,0.7402597402597403,1.0,False
combined_holdout,Always-Control,Stratified Dummy,PR_AUC,0.4448317470125107,-0.4626445610061496,-0.1024075282184549,0.4448317470125107,0.0079920079920079,1.0,False
combined_holdout,Linear SVM (Welch band power),Logistic Regression (Welch band power),Accuracy,0.0,0.0,0.0,0.0,1.0,1.0,False
combined_holdout,Linear SVM (Welch band power),Logistic Regression (Welch band power),Balanced_Accuracy,0.0,0.0,0.0,0.0,1.0,1.0,False
combined_holdout,Linear SVM (Welch band power),Logistic Regression (Welch band power),Sensitivity,0.0,0.0,0.0,0.0,1.0,1.0,False
combined_holdout,Linear SVM (Welch band power),Logistic Regression (Welch band power),Specificity,0.0,0.0,0.0,0.0,1.0,1.0,False
combined_holdout,Linear SVM (Welch band power),Logistic Regression (Welch band power),Precision,0.0,0.0,0.0,0.0,1.0,1.0,False
combined_holdout,Linear SVM (Welch band power),Logistic Regression (Welch band power),F1,0.0,0.0,0.0,0.0,1.0,1.0,False
combined_holdout,Linear SVM (Welch band power),Logistic Regression (Welch band power),ROC_AUC,-0.0153061224489795,-0.0612244897959183,0.0204081632653061,-0.0153061224489795,0.8781218781218781,1.0,False
combined_holdout,Linear SVM (Welch band power),Logistic Regression (Welch band power),PR_AUC,-0.0238589309241482,-0.0859897509728529,0.0118239202732375,-0.0238589309241482,0.7122877122877123,1.0,False
combined_holdout,Linear SVM (Welch band power),Majority-class Dummy,Accuracy,0.1071428571428571,-0.0357142857142857,0.25,0.1071428571428571,0.6653346653346653,1.0,False
combined_holdout,Linear SVM (Welch band power),Majority-class Dummy,Balanced_Accuracy,0.1071428571428571,-0.0357142857142857,0.25,0.1071428571428571,0.6653346653346653,1.0,False
combined_holdout,Linear SVM (Welch band power),Majority-class Dummy,Sensitivity,0.8571428571428571,0.6428571428571429,1.0,0.8571428571428571,0.0019980019980019,0.5554445554445554,False
combined_holdout,Linear SVM (Welch band power),Majority-class Dummy,Specificity,-0.6428571428571428,-0.8571428571428572,-0.4285714285714286,-0.6428571428571428,0.0069930069930069,1.0,False
combined_holdout,Linear SVM (Welch band power),Majority-class Dummy,Precision,,,,,,,False
combined_holdout,Linear SVM (Welch band power),Majority-class Dummy,F1,,,,,,,False
combined_holdout,Linear SVM (Welch band power),Majority-class Dummy,ROC_AUC,0.1326530612244898,-0.096938775510204,0.3418367346938775,0.1326530612244898,0.4155844155844156,1.0,False
combined_holdout,Linear SVM (Welch band power),Majority-class Dummy,PR_AUC,-0.4049970155286194,0.1206454644734947,0.5129652521092377,-0.4049970155286194,0.0179820179820179,1.0,False
combined_holdout,Linear SVM (Welch band power),Stratified Dummy,Accuracy,0.1428571428571428,-0.0357142857142857,0.3214285714285714,0.1428571428571428,0.4545454545454545,1.0,False
combined_holdout,Linear SVM (Welch band power),Stratified Dummy,Balanced_Accuracy,0.1428571428571428,-0.0357142857142857,0.3214285714285714,0.1428571428571428,0.4545454545454545,1.0,False
combined_holdout,Linear SVM (Welch band power),Stratified Dummy,Sensitivity,0.7142857142857142,0.4999999999999999,0.9285714285714286,0.7142857142857142,0.0029970029970029,0.8151848151848152,False
combined_holdout,Linear SVM (Welch band power),Stratified Dummy,Specificity,-0.4285714285714285,-0.7142857142857142,-0.2142857142857142,-0.4285714285714285,0.0289710289710289,1.0,False
combined_holdout,Linear SVM (Welch band power),Stratified Dummy,Precision,0.1714285714285713,-0.2973684210526315,0.6,0.1714285714285713,0.2027972027972027,1.0,False
combined_holdout,Linear SVM (Welch band power),Stratified Dummy,F1,0.475187969924812,0.2472738772928526,0.7058823529411764,0.475187969924812,0.0119880119880119,1.0,False
combined_holdout,Linear SVM (Welch band power),Stratified Dummy,ROC_AUC,0.0612244897959184,-0.2142857142857143,0.3418367346938775,0.0612244897959184,0.6413586413586414,1.0,False
combined_holdout,Linear SVM (Welch band power),Stratified Dummy,PR_AUC,0.0398347314838912,-0.2179169470755263,0.3044792000709702,0.0398347314838912,0.7982017982017982,1.0,False
combined_holdout,Logistic Regression (Welch band power),Majority-class Dummy,Accuracy,0.1071428571428571,-0.0714285714285714,0.25,0.1071428571428571,0.6573426573426573,1.0,False
combined_holdout,Logistic Regression (Welch band power),Majority-class Dummy,Balanced_Accuracy,0.1071428571428571,-0.0714285714285714,0.25,0.1071428571428571,0.6573426573426573,1.0,False
combined_holdout,Logistic Regression (Welch band power),Majority-class Dummy,Sensitivity,0.8571428571428571,0.6428571428571429,1.0,0.8571428571428571,0.0019980019980019,0.5554445554445554,False
combined_holdout,Logistic Regression (Welch band power),Majority-class Dummy,Specificity,-0.6428571428571428,-0.8571428571428572,-0.4285714285714286,-0.6428571428571428,0.0019980019980019,0.5554445554445554,False
combined_holdout,Logistic Regression (Welch band power),Majority-class Dummy,Precision,,,,,,,False
combined_holdout,Logistic Regression (Welch band power),Majority-class Dummy,F1,,,,,,,False
combined_holdout,Logistic Regression (Welch band power),Majority-class Dummy,ROC_AUC,0.1479591836734693,-0.0561224489795918,0.3419642857142856,0.1479591836734693,0.4595404595404595,1.0,False
combined_holdout,Logistic Regression (Welch band power),Majority-class Dummy,PR_AUC,-0.3811380846044712,0.14800423100151,0.5296309681721639,-0.3811380846044712,0.0289710289710289,1.0,False
combined_holdout,Logistic Regression (Welch band power),Stratified Dummy,Accuracy,0.1428571428571428,-0.0357142857142857,0.3214285714285714,0.1428571428571428,0.4595404595404595,1.0,False
combined_holdout,Logistic Regression (Welch band power),Stratified Dummy,Balanced_Accuracy,0.1428571428571428,-0.0357142857142857,0.3214285714285714,0.1428571428571428,0.4595404595404595,1.0,False
combined_holdout,Logistic Regression (Welch band power),Stratified Dummy,Sensitivity,0.7142857142857142,0.4285714285714286,0.9285714285714286,0.7142857142857142,0.0039960039960039,1.0,False
combined_holdout,Logistic Regression (Welch band power),Stratified Dummy,Specificity,-0.4285714285714285,-0.7142857142857142,-0.1428571428571429,-0.4285714285714285,0.0399600399600399,1.0,False
combined_holdout,Logistic Regression (Welch band power),Stratified Dummy,Precision,0.1714285714285713,-0.3333333333333333,0.5909090909090909,0.1714285714285713,0.2237762237762237,1.0,False
combined_holdout,Logistic Regression (Welch band power),Stratified Dummy,F1,0.475187969924812,0.2249398395721925,0.7222222222222223,0.475187969924812,0.0139860139860139,1.0,False
combined_holdout,Logistic Regression (Welch band power),Stratified Dummy,ROC_AUC,0.0765306122448979,-0.2448979591836734,0.3878826530612244,0.0765306122448979,0.6623376623376623,1.0,False
combined_holdout,Logistic Regression (Welch band power),Stratified Dummy,PR_AUC,0.0636936624080395,-0.218100170652821,0.3345108791831823,0.0636936624080395,0.7462537462537463,1.0,False
combined_holdout,Majority-class Dummy,Stratified Dummy,Accuracy,0.0357142857142857,-0.1071428571428571,0.1785714285714285,0.0357142857142857,1.0,1.0,False
combined_holdout,Majority-class Dummy,Stratified Dummy,Balanced_Accuracy,0.0357142857142857,-0.1071428571428571,0.1785714285714285,0.0357142857142857,1.0,1.0,False
combined_holdout,Majority-class Dummy,Stratified Dummy,Sensitivity,-0.1428571428571428,-0.3571428571428571,0.0,-0.1428571428571428,0.4945054945054945,1.0,False
combined_holdout,Majority-class Dummy,Stratified Dummy,Specificity,0.2142857142857143,0.0,0.4285714285714286,0.2142857142857143,0.2357642357642357,1.0,False
combined_holdout,Majority-class Dummy,Stratified Dummy,Precision,,,,,,,False
combined_holdout,Majority-class Dummy,Stratified Dummy,F1,,,,,,,False
combined_holdout,Majority-class Dummy,Stratified Dummy,ROC_AUC,-0.0714285714285714,-0.2806122448979592,0.1428571428571428,-0.0714285714285714,0.7452547452547452,1.0,False
combined_holdout,Majority-class Dummy,Stratified Dummy,PR_AUC,0.4448317470125107,-0.4604557080291412,-0.1074507945093806,0.4448317470125107,0.0079920079920079,1.0,False
