Model,N subjects,Accuracy,Balanced Accuracy,Sensitivity,Specificity,Precision,F1,ROC-AUC,PR-AUC
Always-ADHD,28,0.5,0.5,1.0,0.0,0.5,0.666667,0.5,0.5
Always-Control,28,0.5,0.5,0.0,1.0,0.0,0.0,0.5,0.5
Majority-class Dummy,28,0.5,0.5,0.0,1.0,0.0,0.0,0.5,0.5
Stratified Dummy,28,0.464286,0.464286,0.142857,0.785714,0.4,0.210526,0.571429,0.555168
Logistic Regression (Welch band power),28,0.607143,0.607143,0.857143,0.357143,0.571429,0.685714,0.647959,0.618862
Linear SVM (Welch band power),28,0.607143,0.607143,0.857143,0.357143,0.571429,0.685714,0.632653,0.595003
CNN,,,,,,,,,
LSTM,,,,,,,,,
Bi-LSTM,,,,,,,,,
Temporal Transformer Baseline,,,,,,,,,
