model_name,model_file,model_input_representation,dataset,subjects_explained,number_of_subjects_explained,xai_method,baseline_background_data,output_class_explained,subject_class,channel,mean_absolute_attribution,bootstrap_95ci_low,bootstrap_95ci_high
CNN,Results\CleanDeepBenchmark\combined_holdout\CNN\cnn_model.keras,training-standardized raw EEG epoch (time x 19 channels),combined_eeg,child_control_15;child_control_52;child_control_60,3,Integrated Gradients,mean of training epochs after training-only channel standardization,ADHD positive class (sigmoid output = 1),Control,Fp1,0.0002551447978476,0.0002038413949776,0.000306591799017
CNN,Results\CleanDeepBenchmark\combined_holdout\CNN\cnn_model.keras,training-standardized raw EEG epoch (time x 19 channels),combined_eeg,child_control_15;child_control_52;child_control_60,3,Integrated Gradients,mean of training epochs after training-only channel standardization,ADHD positive class (sigmoid output = 1),Control,Fp2,0.000309767453776,0.000182456409675,0.0004236162494635
CNN,Results\CleanDeepBenchmark\combined_holdout\CNN\cnn_model.keras,training-standardized raw EEG epoch (time x 19 channels),combined_eeg,child_control_15;child_control_52;child_control_60,3,Integrated Gradients,mean of training epochs after training-only channel standardization,ADHD positive class (sigmoid output = 1),Control,F3,0.0007286515901796,0.0005596236442215,0.0008908107702154
CNN,Results\CleanDeepBenchmark\combined_holdout\CNN\cnn_model.keras,training-standardized raw EEG epoch (time x 19 channels),combined_eeg,child_control_15;child_control_52;child_control_60,3,Integrated Gradients,mean of training epochs after training-only channel standardization,ADHD positive class (sigmoid output = 1),Control,F4,0.0008939035566678,0.0005340396019164,0.0013589012087322
CNN,Results\CleanDeepBenchmark\combined_holdout\CNN\cnn_model.keras,training-standardized raw EEG epoch (time x 19 channels),combined_eeg,child_control_15;child_control_52;child_control_60,3,Integrated Gradients,mean of training epochs after training-only channel standardization,ADHD positive class (sigmoid output = 1),Control,C3,0.000467728828274,0.0003484600456431,0.0005355808098101
CNN,Results\CleanDeepBenchmark\combined_holdout\CNN\cnn_model.keras,training-standardized raw EEG epoch (time x 19 channels),combined_eeg,child_control_15;child_control_52;child_control_60,3,Integrated Gradients,mean of training epochs after training-only channel standardization,ADHD positive class (sigmoid output = 1),Control,C4,0.0005940150197905,0.000522222922882,0.0006955649878364
CNN,Results\CleanDeepBenchmark\combined_holdout\CNN\cnn_model.keras,training-standardized raw EEG epoch (time x 19 channels),combined_eeg,child_control_15;child_control_52;child_control_60,3,Integrated Gradients,mean of training epochs after training-only channel standardization,ADHD positive class (sigmoid output = 1),Control,P3,0.0004362076967178,0.0003627153055276,0.0004868204414378
CNN,Results\CleanDeepBenchmark\combined_holdout\CNN\cnn_model.keras,training-standardized raw EEG epoch (time x 19 channels),combined_eeg,child_control_15;child_control_52;child_control_60,3,Integrated Gradients,mean of training epochs after training-only channel standardization,ADHD positive class (sigmoid output = 1),Control,P4,0.0008098966888307,0.0005721770867239,0.0010576856147963
CNN,Results\CleanDeepBenchmark\combined_holdout\CNN\cnn_model.keras,training-standardized raw EEG epoch (time x 19 channels),combined_eeg,child_control_15;child_control_52;child_control_60,3,Integrated Gradients,mean of training epochs after training-only channel standardization,ADHD positive class (sigmoid output = 1),Control,O1,0.0006068239357167,0.0005124538091574,0.0006862586014904
CNN,Results\CleanDeepBenchmark\combined_holdout\CNN\cnn_model.keras,training-standardized raw EEG epoch (time x 19 channels),combined_eeg,child_control_15;child_control_52;child_control_60,3,Integrated Gradients,mean of training epochs after training-only channel standardization,ADHD positive class (sigmoid output = 1),Control,O2,0.0004040637334886,0.0002872554323403,0.0005627963982988
CNN,Results\CleanDeepBenchmark\combined_holdout\CNN\cnn_model.keras,training-standardized raw EEG epoch (time x 19 channels),combined_eeg,child_control_15;child_control_52;child_control_60,3,Integrated Gradients,mean of training epochs after training-only channel standardization,ADHD positive class (sigmoid output = 1),Control,F7,0.000319298308265,0.0002686618099687,0.0003715270286193
CNN,Results\CleanDeepBenchmark\combined_holdout\CNN\cnn_model.keras,training-standardized raw EEG epoch (time x 19 channels),combined_eeg,child_control_15;child_control_52;child_control_60,3,Integrated Gradients,mean of training epochs after training-only channel standardization,ADHD positive class (sigmoid output = 1),Control,F8,0.0006614698747095,0.0003875421680277,0.0009462405287194
CNN,Results\CleanDeepBenchmark\combined_holdout\CNN\cnn_model.keras,training-standardized raw EEG epoch (time x 19 channels),combined_eeg,child_control_15;child_control_52;child_control_60,3,Integrated Gradients,mean of training epochs after training-only channel standardization,ADHD positive class (sigmoid output = 1),Control,T7,0.0002734634108492,0.0002566194258785,0.0002928927934893
CNN,Results\CleanDeepBenchmark\combined_holdout\CNN\cnn_model.keras,training-standardized raw EEG epoch (time x 19 channels),combined_eeg,child_control_15;child_control_52;child_control_60,3,Integrated Gradients,mean of training epochs after training-only channel standardization,ADHD positive class (sigmoid output = 1),Control,T8,0.0007308148196898,0.0006184611702337,0.0008937749371398
CNN,Results\CleanDeepBenchmark\combined_holdout\CNN\cnn_model.keras,training-standardized raw EEG epoch (time x 19 channels),combined_eeg,child_control_15;child_control_52;child_control_60,3,Integrated Gradients,mean of training epochs after training-only channel standardization,ADHD positive class (sigmoid output = 1),Control,P7,0.0003330816107336,0.0002639524755068,0.0003739240928553
CNN,Results\CleanDeepBenchmark\combined_holdout\CNN\cnn_model.keras,training-standardized raw EEG epoch (time x 19 channels),combined_eeg,child_control_15;child_control_52;child_control_60,3,Integrated Gradients,mean of training epochs after training-only channel standardization,ADHD positive class (sigmoid output = 1),Control,P8,0.0005982839405381,0.000328256341163,0.0010531511798035
CNN,Results\CleanDeepBenchmark\combined_holdout\CNN\cnn_model.keras,training-standardized raw EEG epoch (time x 19 channels),combined_eeg,child_control_15;child_control_52;child_control_60,3,Integrated Gradients,mean of training epochs after training-only channel standardization,ADHD positive class (sigmoid output = 1),Control,Fz,0.0009088268561754,0.0007418814154031,0.0011672420660033
CNN,Results\CleanDeepBenchmark\combined_holdout\CNN\cnn_model.keras,training-standardized raw EEG epoch (time x 19 channels),combined_eeg,child_control_15;child_control_52;child_control_60,3,Integrated Gradients,mean of training epochs after training-only channel standardization,ADHD positive class (sigmoid output = 1),Control,Cz,0.0007962672389112,0.0006018944065241,0.0011767701362259
CNN,Results\CleanDeepBenchmark\combined_holdout\CNN\cnn_model.keras,training-standardized raw EEG epoch (time x 19 channels),combined_eeg,child_control_15;child_control_52;child_control_60,3,Integrated Gradients,mean of training epochs after training-only channel standardization,ADHD positive class (sigmoid output = 1),Control,Pz,0.000509347039042,0.0004163195844739,0.0005620632437057
CNN,Results\CleanDeepBenchmark\combined_holdout\CNN\cnn_model.keras,training-standardized raw EEG epoch (time x 19 channels),combined_eeg,adult_adhd_8;child_adhd_40;child_adhd_48,3,Integrated Gradients,mean of training epochs after training-only channel standardization,ADHD positive class (sigmoid output = 1),ADHD,Fp1,0.0002974392506682,0.0002904325083363,0.0003032833143758
CNN,Results\CleanDeepBenchmark\combined_holdout\CNN\cnn_model.keras,training-standardized raw EEG epoch (time x 19 channels),combined_eeg,adult_adhd_8;child_adhd_40;child_adhd_48,3,Integrated Gradients,mean of training epochs after training-only channel standardization,ADHD positive class (sigmoid output = 1),ADHD,Fp2,0.0004072570542727,0.0003416679392103,0.000497144923429
CNN,Results\CleanDeepBenchmark\combined_holdout\CNN\cnn_model.keras,training-standardized raw EEG epoch (time x 19 channels),combined_eeg,adult_adhd_8;child_adhd_40;child_adhd_48,3,Integrated Gradients,mean of training epochs after training-only channel standardization,ADHD positive class (sigmoid output = 1),ADHD,F3,0.0010167836347439,0.0006054906698409,0.0014872597530484
CNN,Results\CleanDeepBenchmark\combined_holdout\CNN\cnn_model.keras,training-standardized raw EEG epoch (time x 19 channels),combined_eeg,adult_adhd_8;child_adhd_40;child_adhd_48,3,Integrated Gradients,mean of training epochs after training-only channel standardization,ADHD positive class (sigmoid output = 1),ADHD,F4,0.000709976273356,0.0004618026432581,0.0009224617388099
CNN,Results\CleanDeepBenchmark\combined_holdout\CNN\cnn_model.keras,training-standardized raw EEG epoch (time x 19 channels),combined_eeg,adult_adhd_8;child_adhd_40;child_adhd_48,3,Integrated Gradients,mean of training epochs after training-only channel standardization,ADHD positive class (sigmoid output = 1),ADHD,C3,0.0005371384662187,0.0003663135721581,0.0006268644938245
CNN,Results\CleanDeepBenchmark\combined_holdout\CNN\cnn_model.keras,training-standardized raw EEG epoch (time x 19 channels),combined_eeg,adult_adhd_8;child_adhd_40;child_adhd_48,3,Integrated Gradients,mean of training epochs after training-only channel standardization,ADHD positive class (sigmoid output = 1),ADHD,C4,0.000727504210469,0.0005711678531952,0.0010050120181404
CNN,Results\CleanDeepBenchmark\combined_holdout\CNN\cnn_model.keras,training-standardized raw EEG epoch (time x 19 channels),combined_eeg,adult_adhd_8;child_adhd_40;child_adhd_48,3,Integrated Gradients,mean of training epochs after training-only channel standardization,ADHD positive class (sigmoid output = 1),ADHD,P3,0.0006956573003359,0.0003163012588629,0.0012031260994262
CNN,Results\CleanDeepBenchmark\combined_holdout\CNN\cnn_model.keras,training-standardized raw EEG epoch (time x 19 channels),combined_eeg,adult_adhd_8;child_adhd_40;child_adhd_48,3,Integrated Gradients,mean of training epochs after training-only channel standardization,ADHD positive class (sigmoid output = 1),ADHD,P4,0.0013453365633419,0.0007211947522591,0.0024345568381249
CNN,Results\CleanDeepBenchmark\combined_holdout\CNN\cnn_model.keras,training-standardized raw EEG epoch (time x 19 channels),combined_eeg,adult_adhd_8;child_adhd_40;child_adhd_48,3,Integrated Gradients,mean of training epochs after training-only channel standardization,ADHD positive class (sigmoid output = 1),ADHD,O1,0.0008314025956982,0.0004708122287411,0.0012139523169025
CNN,Results\CleanDeepBenchmark\combined_holdout\CNN\cnn_model.keras,training-standardized raw EEG epoch (time x 19 channels),combined_eeg,adult_adhd_8;child_adhd_40;child_adhd_48,3,Integrated Gradients,mean of training epochs after training-only channel standardization,ADHD positive class (sigmoid output = 1),ADHD,O2,0.0003795111745906,0.0003673795290524,0.0003995689185103
CNN,Results\CleanDeepBenchmark\combined_holdout\CNN\cnn_model.keras,training-standardized raw EEG epoch (time x 19 channels),combined_eeg,adult_adhd_8;child_adhd_40;child_adhd_48,3,Integrated Gradients,mean of training epochs after training-only channel standardization,ADHD positive class (sigmoid output = 1),ADHD,F7,0.0004722974893714,0.0003021410520887,0.0005863473925273
CNN,Results\CleanDeepBenchmark\combined_holdout\CNN\cnn_model.keras,training-standardized raw EEG epoch (time x 19 channels),combined_eeg,adult_adhd_8;child_adhd_40;child_adhd_48,3,Integrated Gradients,mean of training epochs after training-only channel standardization,ADHD positive class (sigmoid output = 1),ADHD,F8,0.0005316072686885,0.0003551105328369,0.0007950978470034
CNN,Results\CleanDeepBenchmark\combined_holdout\CNN\cnn_model.keras,training-standardized raw EEG epoch (time x 19 channels),combined_eeg,adult_adhd_8;child_adhd_40;child_adhd_48,3,Integrated Gradients,mean of training epochs after training-only channel standardization,ADHD positive class (sigmoid output = 1),ADHD,T7,0.0005054857901996,0.0002487492311047,0.0009966517973225
CNN,Results\CleanDeepBenchmark\combined_holdout\CNN\cnn_model.keras,training-standardized raw EEG epoch (time x 19 channels),combined_eeg,adult_adhd_8;child_adhd_40;child_adhd_48,3,Integrated Gradients,mean of training epochs after training-only channel standardization,ADHD positive class (sigmoid output = 1),ADHD,T8,0.000582682453872,0.0002655511489138,0.00083749438636
CNN,Results\CleanDeepBenchmark\combined_holdout\CNN\cnn_model.keras,training-standardized raw EEG epoch (time x 19 channels),combined_eeg,adult_adhd_8;child_adhd_40;child_adhd_48,3,Integrated Gradients,mean of training epochs after training-only channel standardization,ADHD positive class (sigmoid output = 1),ADHD,P7,0.0005144320894032,0.0002410618326393,0.000910464557819
CNN,Results\CleanDeepBenchmark\combined_holdout\CNN\cnn_model.keras,training-standardized raw EEG epoch (time x 19 channels),combined_eeg,adult_adhd_8;child_adhd_40;child_adhd_48,3,Integrated Gradients,mean of training epochs after training-only channel standardization,ADHD positive class (sigmoid output = 1),ADHD,P8,0.0009114851321404,0.0004042043913311,0.001853103924077
CNN,Results\CleanDeepBenchmark\combined_holdout\CNN\cnn_model.keras,training-standardized raw EEG epoch (time x 19 channels),combined_eeg,adult_adhd_8;child_adhd_40;child_adhd_48,3,Integrated Gradients,mean of training epochs after training-only channel standardization,ADHD positive class (sigmoid output = 1),ADHD,Fz,0.0011786058215269,0.000825489667477,0.0014922254486009
CNN,Results\CleanDeepBenchmark\combined_holdout\CNN\cnn_model.keras,training-standardized raw EEG epoch (time x 19 channels),combined_eeg,adult_adhd_8;child_adhd_40;child_adhd_48,3,Integrated Gradients,mean of training epochs after training-only channel standardization,ADHD positive class (sigmoid output = 1),ADHD,Cz,0.001534999377327,0.00066060575773,0.0031954429578036
CNN,Results\CleanDeepBenchmark\combined_holdout\CNN\cnn_model.keras,training-standardized raw EEG epoch (time x 19 channels),combined_eeg,adult_adhd_8;child_adhd_40;child_adhd_48,3,Integrated Gradients,mean of training epochs after training-only channel standardization,ADHD positive class (sigmoid output = 1),ADHD,Pz,0.0005200495943427,0.0004250376223353,0.0006480074953287
LSTM,Results\CleanDeepBenchmark\combined_holdout\LSTM\lstm_model.keras,training-standardized raw EEG epoch (time x 19 channels),combined_eeg,child_control_52;child_control_60,2,Integrated Gradients,mean of training epochs after training-only channel standardization,ADHD positive class (sigmoid output = 1),Control,Fp1,3.084930062868807e-05,2.1945837488601683e-05,3.975276376877446e-05
LSTM,Results\CleanDeepBenchmark\combined_holdout\LSTM\lstm_model.keras,training-standardized raw EEG epoch (time x 19 channels),combined_eeg,child_control_52;child_control_60,2,Integrated Gradients,mean of training epochs after training-only channel standardization,ADHD positive class (sigmoid output = 1),Control,Fp2,3.218787924197386e-05,2.9129358154023066e-05,3.5246400329924654e-05
LSTM,Results\CleanDeepBenchmark\combined_holdout\LSTM\lstm_model.keras,training-standardized raw EEG epoch (time x 19 channels),combined_eeg,child_control_52;child_control_60,2,Integrated Gradients,mean of training epochs after training-only channel standardization,ADHD positive class (sigmoid output = 1),Control,F3,3.506151551846415e-05,2.7846855118696112e-05,4.2276175918232184e-05
LSTM,Results\CleanDeepBenchmark\combined_holdout\LSTM\lstm_model.keras,training-standardized raw EEG epoch (time x 19 channels),combined_eeg,child_control_52;child_control_60,2,Integrated Gradients,mean of training epochs after training-only channel standardization,ADHD positive class (sigmoid output = 1),Control,F4,0.00011590429949137615,0.00011204567636013962,0.00011976292262261268
LSTM,Results\CleanDeepBenchmark\combined_holdout\LSTM\lstm_model.keras,training-standardized raw EEG epoch (time x 19 channels),combined_eeg,child_control_52;child_control_60,2,Integrated Gradients,mean of training epochs after training-only channel standardization,ADHD positive class (sigmoid output = 1),Control,C3,6.501071538878023e-05,4.8843045988178346e-05,8.117838478938211e-05
LSTM,Results\CleanDeepBenchmark\combined_holdout\LSTM\lstm_model.keras,training-standardized raw EEG epoch (time x 19 channels),combined_eeg,child_control_52;child_control_60,2,Integrated Gradients,mean of training epochs after training-only channel standardization,ADHD positive class (sigmoid output = 1),Control,C4,8.732889909879304e-05,8.196722774300724e-05,9.269057045457885e-05
LSTM,Results\CleanDeepBenchmark\combined_holdout\LSTM\lstm_model.keras,training-standardized raw EEG epoch (time x 19 channels),combined_eeg,child_control_52;child_control_60,2,Integrated Gradients,mean of training epochs after training-only channel standardization,ADHD positive class (sigmoid output = 1),Control,P3,2.6313289936297224e-05,1.9541935671441024e-05,3.3084644201153424e-05
LSTM,Results\CleanDeepBenchmark\combined_holdout\LSTM\lstm_model.keras,training-standardized raw EEG epoch (time x 19 channels),combined_eeg,child_control_52;child_control_60,2,Integrated Gradients,mean of training epochs after training-only channel standardization,ADHD positive class (sigmoid output = 1),Control,P4,8.429606987192528e-05,7.416891821776517e-05,9.44232215260854e-05
LSTM,Results\CleanDeepBenchmark\combined_holdout\LSTM\lstm_model.keras,training-standardized raw EEG epoch (time x 19 channels),combined_eeg,child_control_52;child_control_60,2,Integrated Gradients,mean of training epochs after training-only channel standardization,ADHD positive class (sigmoid output = 1),Control,O1,2.876669623219641e-05,1.674626037129201e-05,4.078713209310081e-05
LSTM,Results\CleanDeepBenchmark\combined_holdout\LSTM\lstm_model.keras,training-standardized raw EEG epoch (time x 19 channels),combined_eeg,child_control_52;child_control_60,2,Integrated Gradients,mean of training epochs after training-only channel standardization,ADHD positive class (sigmoid output = 1),Control,O2,7.864442704885732e-05,7.180809188866988e-05,8.548076220904477e-05
LSTM,Results\CleanDeepBenchmark\combined_holdout\LSTM\lstm_model.keras,training-standardized raw EEG epoch (time x 19 channels),combined_eeg,child_control_52;child_control_60,2,Integrated Gradients,mean of training epochs after training-only channel standardization,ADHD positive class (sigmoid output = 1),Control,F7,2.139094226549787e-05,1.894632123367046e-05,2.383556329732528e-05
LSTM,Results\CleanDeepBenchmark\combined_holdout\LSTM\lstm_model.keras,training-standardized raw EEG epoch (time x 19 channels),combined_eeg,child_control_52;child_control_60,2,Integrated Gradients,mean of training epochs after training-only channel standardization,ADHD positive class (sigmoid output = 1),Control,F8,2.5471350227235234e-05,1.592667058503139e-05,3.501602986943908e-05
LSTM,Results\CleanDeepBenchmark\combined_holdout\LSTM\lstm_model.keras,training-standardized raw EEG epoch (time x 19 channels),combined_eeg,child_control_52;child_control_60,2,Integrated Gradients,mean of training epochs after training-only channel standardization,ADHD positive class (sigmoid output = 1),Control,T7,1.8721712194746942e-05,1.3147294794180198e-05,2.4296129595313687e-05
LSTM,Results\CleanDeepBenchmark\combined_holdout\LSTM\lstm_model.keras,training-standardized raw EEG epoch (time x 19 channels),combined_eeg,child_control_52;child_control_60,2,Integrated Gradients,mean of training epochs after training-only channel standardization,ADHD positive class (sigmoid output = 1),Control,T8,5.8018976233142894e-05,5.651041828969028e-05,5.952753417659551e-05
LSTM,Results\CleanDeepBenchmark\combined_holdout\LSTM\lstm_model.keras,training-standardized raw EEG epoch (time x 19 channels),combined_eeg,child_control_52;child_control_60,2,Integrated Gradients,mean of training epochs after training-only channel standardization,ADHD positive class (sigmoid output = 1),Control,P7,4.022371001610736e-05,2.754008323790913e-05,5.290733679430559e-05
LSTM,Results\CleanDeepBenchmark\combined_holdout\LSTM\lstm_model.keras,training-standardized raw EEG epoch (time x 19 channels),combined_eeg,child_control_52;child_control_60,2,Integrated Gradients,mean of training epochs after training-only channel standardization,ADHD positive class (sigmoid output = 1),Control,P8,3.609134660109703e-05,1.6591123767284444e-05,5.5591569434909616e-05
LSTM,Results\CleanDeepBenchmark\combined_holdout\LSTM\lstm_model.keras,training-standardized raw EEG epoch (time x 19 channels),combined_eeg,child_control_52;child_control_60,2,Integrated Gradients,mean of training epochs after training-only channel standardization,ADHD positive class (sigmoid output = 1),Control,Fz,3.515517255436862e-05,3.036325506400317e-05,3.994709004473407e-05
LSTM,Results\CleanDeepBenchmark\combined_holdout\LSTM\lstm_model.keras,training-standardized raw EEG epoch (time x 19 channels),combined_eeg,child_control_52;child_control_60,2,Integrated Gradients,mean of training epochs after training-only channel standardization,ADHD positive class (sigmoid output = 1),Control,Cz,7.510786599596031e-05,6.612813740503043e-05,8.408759458689019e-05
LSTM,Results\CleanDeepBenchmark\combined_holdout\LSTM\lstm_model.keras,training-standardized raw EEG epoch (time x 19 channels),combined_eeg,child_control_52;child_control_60,2,Integrated Gradients,mean of training epochs after training-only channel standardization,ADHD positive class (sigmoid output = 1),Control,Pz,2.6049414373119362e-05,2.3566184609080665e-05,2.853264413715806e-05
LSTM,Results\CleanDeepBenchmark\combined_holdout\LSTM\lstm_model.keras,training-standardized raw EEG epoch (time x 19 channels),combined_eeg,adult_adhd_8;child_adhd_40,2,Integrated Gradients,mean of training epochs after training-only channel standardization,ADHD positive class (sigmoid output = 1),ADHD,Fp1,2.0040362755935348e-05,3.081073145949631e-06,3.6999652365921065e-05
LSTM,Results\CleanDeepBenchmark\combined_holdout\LSTM\lstm_model.keras,training-standardized raw EEG epoch (time x 19 channels),combined_eeg,adult_adhd_8;child_adhd_40,2,Integrated Gradients,mean of training epochs after training-only channel standardization,ADHD positive class (sigmoid output = 1),ADHD,Fp2,2.622887160441678e-05,2.925792273344996e-06,4.953195093548857e-05
LSTM,Results\CleanDeepBenchmark\combined_holdout\LSTM\lstm_model.keras,training-standardized raw EEG epoch (time x 19 channels),combined_eeg,adult_adhd_8;child_adhd_40,2,Integrated Gradients,mean of training epochs after training-only channel standardization,ADHD positive class (sigmoid output = 1),ADHD,F3,2.181275561952134e-05,2.3997826019694912e-06,4.122572863707319e-05
LSTM,Results\CleanDeepBenchmark\combined_holdout\LSTM\lstm_model.keras,training-standardized raw EEG epoch (time x 19 channels),combined_eeg,adult_adhd_8;child_adhd_40,2,Integrated Gradients,mean of training epochs after training-only channel standardization,ADHD positive class (sigmoid output = 1),ADHD,F4,7.374344795607612e-05,3.0469718694803305e-06,0.00014443992404267192
LSTM,Results\CleanDeepBenchmark\combined_holdout\LSTM\lstm_model.keras,training-standardized raw EEG epoch (time x 19 channels),combined_eeg,adult_adhd_8;child_adhd_40,2,Integrated Gradients,mean of training epochs after training-only channel standardization,ADHD positive class (sigmoid output = 1),ADHD,C3,3.574301393882706e-05,2.4917561631809804e-06,6.899427171447314e-05
LSTM,Results\CleanDeepBenchmark\combined_holdout\LSTM\lstm_model.keras,training-standardized raw EEG epoch (time x 19 channels),combined_eeg,adult_adhd_8;child_adhd_40,2,Integrated Gradients,mean of training epochs after training-only channel standardization,ADHD positive class (sigmoid output = 1),ADHD,C4,3.6479337381933874e-05,2.2673677904094802e-06,7.069130697345827e-05
LSTM,Results\CleanDeepBenchmark\combined_holdout\LSTM\lstm_model.keras,training-standardized raw EEG epoch (time x 19 channels),combined_eeg,adult_adhd_8;child_adhd_40,2,Integrated Gradients,mean of training epochs after training-only channel standardization,ADHD positive class (sigmoid output = 1),ADHD,P3,1.912677834070564e-05,3.2313331530531286e-06,3.5022223528358154e-05
LSTM,Results\CleanDeepBenchmark\combined_holdout\LSTM\lstm_model.keras,training-standardized raw EEG epoch (time x 19 channels),combined_eeg,adult_adhd_8;child_adhd_40,2,Integrated Gradients,mean of training epochs after training-only channel standardization,ADHD positive class (sigmoid output = 1),ADHD,P4,5.1405323574726935e-05,4.520790753304027e-06,9.828985639614984e-05
LSTM,Results\CleanDeepBenchmark\combined_holdout\LSTM\lstm_model.keras,training-standardized raw EEG epoch (time x 19 channels),combined_eeg,adult_adhd_8;child_adhd_40,2,Integrated Gradients,mean of training epochs after training-only channel standardization,ADHD positive class (sigmoid output = 1),ADHD,O1,2.1956349883112125e-05,3.982682756031863e-06,3.993001701019239e-05
LSTM,Results\CleanDeepBenchmark\combined_holdout\LSTM\lstm_model.keras,training-standardized raw EEG epoch (time x 19 channels),combined_eeg,adult_adhd_8;child_adhd_40,2,Integrated Gradients,mean of training epochs after training-only channel standardization,ADHD positive class (sigmoid output = 1),ADHD,O2,4.783083619486206e-05,3.0773200023759273e-06,9.258435238734819e-05
LSTM,Results\CleanDeepBenchmark\combined_holdout\LSTM\lstm_model.keras,training-standardized raw EEG epoch (time x 19 channels),combined_eeg,adult_adhd_8;child_adhd_40,2,Integrated Gradients,mean of training epochs after training-only channel standardization,ADHD positive class (sigmoid output = 1),ADHD,F7,1.565336560815922e-05,2.022926310019102e-06,2.9283804906299338e-05
LSTM,Results\CleanDeepBenchmark\combined_holdout\LSTM\lstm_model.keras,training-standardized raw EEG epoch (time x 19 channels),combined_eeg,adult_adhd_8;child_adhd_40,2,Integrated Gradients,mean of training epochs after training-only channel standardization,ADHD positive class (sigmoid output = 1),ADHD,F8,1.6900063883440453e-05,3.469651801424334e-06,3.033047596545657e-05
LSTM,Results\CleanDeepBenchmark\combined_holdout\LSTM\lstm_model.keras,training-standardized raw EEG epoch (time x 19 channels),combined_eeg,adult_adhd_8;child_adhd_40,2,Integrated Gradients,mean of training epochs after training-only channel standardization,ADHD positive class (sigmoid output = 1),ADHD,T7,1.001217890461703e-05,9.392199444846483e-07,1.9085137864749413e-05
LSTM,Results\CleanDeepBenchmark\combined_holdout\LSTM\lstm_model.keras,training-standardized raw EEG epoch (time x 19 channels),combined_eeg,adult_adhd_8;child_adhd_40,2,Integrated Gradients,mean of training epochs after training-only channel standardization,ADHD positive class (sigmoid output = 1),ADHD,T8,5.2240531545066915e-05,1.586020289323642e-06,0.00010289504280081019
LSTM,Results\CleanDeepBenchmark\combined_holdout\LSTM\lstm_model.keras,training-standardized raw EEG epoch (time x 19 channels),combined_eeg,adult_adhd_8;child_adhd_40,2,Integrated Gradients,mean of training epochs after training-only channel standardization,ADHD positive class (sigmoid output = 1),ADHD,P7,3.4731182324776455e-05,1.6377649671994732e-06,6.782459968235344e-05
LSTM,Results\CleanDeepBenchmark\combined_holdout\LSTM\lstm_model.keras,training-standardized raw EEG epoch (time x 19 channels),combined_eeg,adult_adhd_8;child_adhd_40,2,Integrated Gradients,mean of training epochs after training-only channel standardization,ADHD positive class (sigmoid output = 1),ADHD,P8,1.1118615873328963e-05,3.5239457929492346e-06,1.871328595370869e-05
LSTM,Results\CleanDeepBenchmark\combined_holdout\LSTM\lstm_model.keras,training-standardized raw EEG epoch (time x 19 channels),combined_eeg,adult_adhd_8;child_adhd_40,2,Integrated Gradients,mean of training epochs after training-only channel standardization,ADHD positive class (sigmoid output = 1),ADHD,Fz,2.9901738201942862e-05,6.560273391187366e-07,5.914744906476699e-05
LSTM,Results\CleanDeepBenchmark\combined_holdout\LSTM\lstm_model.keras,training-standardized raw EEG epoch (time x 19 channels),combined_eeg,adult_adhd_8;child_adhd_40,2,Integrated Gradients,mean of training epochs after training-only channel standardization,ADHD positive class (sigmoid output = 1),ADHD,Cz,3.39930766699581e-05,2.5889095240927418e-06,6.539724381582346e-05
LSTM,Results\CleanDeepBenchmark\combined_holdout\LSTM\lstm_model.keras,training-standardized raw EEG epoch (time x 19 channels),combined_eeg,adult_adhd_8;child_adhd_40,2,Integrated Gradients,mean of training epochs after training-only channel standardization,ADHD positive class (sigmoid output = 1),ADHD,Pz,1.5007804734068486e-05,1.4703015267514274e-06,2.8545307941385545e-05
