model_name,subject_class,region,electrodes,number_of_electrodes,total_sensor_level_attribution,mean_attribution_per_electrode,total_attribution_percent,per_electrode_normalized_percent,total_attribution_rank,per_electrode_normalized_rank,rank_change_after_normalization,ranking_changes_substantially_after_normalization
CNN,ADHD,sensor-level frontal electrode group,Fp1;Fp2;F3;F4;F7;F8;Fz,7,0.0046139667926276,0.0006591381132325143,33.6794463637628,18.623480791816384,1,3,2,True
CNN,ADHD,parietal electrode group,P3;P4;P7;P8;Pz,5,0.0039869606795641,0.0007973921359128199,29.102642996123578,22.529750333947618,2,2,0,True
CNN,ADHD,central electrode group,C3;C4;Cz,3,0.0027996420540147,0.0009332140180049,20.43586324604333,26.36730146544761,3,1,2,True
CNN,ADHD,occipital electrode group,O1;O2,2,0.0012109137702888,0.0006054568851444,8.8390114646573,17.106755692614833,4,4,0,True
CNN,ADHD,temporal electrode group,T7;T8,2,0.0010881682440716002,0.0005440841220358001,7.943035929412982,15.372711716173557,5,5,0,True
CNN,Control,sensor-level frontal electrode group,Fp1;Fp2;F3;F4;F7;F8;Fz,7,0.0040770624376209,0.0005824374910887,38.32885982952064,21.20483003875072,1,2,1,True
CNN,Control,parietal electrode group,P3;P4;P7;P8;Pz,5,0.0026868169758622,0.00053736339517244,25.259027260689333,19.563815238573508,2,3,1,True
CNN,Control,central electrode group,C3;C4;Cz,3,0.0018580110869757002,0.0006193370289919001,17.467342628175068,22.548233308144034,3,1,2,True
CNN,Control,occipital electrode group,O1;O2,2,0.0010108876692053,0.00050544383460265,9.503453128122914,18.401718245935154,4,4,0,True
CNN,Control,temporal electrode group,T7;T8,2,0.001004278230539,0.0005021391152695,9.441317153492058,18.281403168596583,5,5,0,True
LSTM,ADHD,sensor-level frontal electrode group,Fp1;Fp2;F3;F4;F7;F8;Fz,7,0.00020428060562949213,2.918294366135602e-05,35.59356703610259,18.60137182913157,1,4,3,True
LSTM,ADHD,parietal electrode group,P3;P4;P7;P8;Pz,5,0.00013138970484760648,2.6277940969521295e-05,22.89315842263122,16.7497068339035,2,5,3,True
LSTM,ADHD,central electrode group,C3;C4;Cz,3,0.00010621542799071904,3.540514266357301e-05,18.506827629603325,22.56743634195706,3,1,2,True
LSTM,ADHD,occipital electrode group,O1;O2,2,6.978718607797418e-05,3.489359303898709e-05,12.1596217040426,22.241371744554026,4,2,2,True
LSTM,ADHD,temporal electrode group,T7;T8,2,6.225271044968395e-05,3.112635522484197e-05,10.846825207620267,19.840113250453847,5,3,2,True
LSTM,Control,sensor-level frontal electrode group,Fp1;Fp2;F3;F4;F7;F8;Fz,7,0.0002960204599275278,4.228863713250397e-05,32.15539032860258,16.72974557781075,1,4,3,True
LSTM,Control,central electrode group,C3;C4;Cz,3,0.00022744748048353358,7.581582682784453e-05,24.706611549741467,29.993387813065596,2,1,1,True
LSTM,Control,parietal electrode group,P3;P4;P7;P8;Pz,5,0.00021297383079854626,4.259476615970925e-05,23.134403144909705,16.85085283229805,3,3,0,True
LSTM,Control,occipital electrode group,O1;O2,2,0.00010741112328105373,5.3705561640526867e-05,11.66759417771836,21.246378301202224,4,2,2,True
LSTM,Control,temporal electrode group,T7;T8,2,7.674068842788984e-05,3.837034421394492e-05,8.336000799027882,15.179635475623378,5,5,0,True
