stability_type,subject_class,subjects_explained,n_subjects,n_pairs,mean_spearman_rho,sampling_seeds,subject_id,model_name,model_file,model_input_representation,dataset,xai_method,baseline_background_data,output_class_explained
between_subjects,Control,child_control_15;child_control_52;child_control_60,3,3,0.8099415204678362,"42,31415",,CNN,Results\CleanDeepBenchmark\combined_holdout\CNN\cnn_model.keras,training-standardized raw EEG epoch (time x 19 channels),combined_eeg,Integrated Gradients,mean of training epochs after training-only channel standardization,ADHD positive class (sigmoid output = 1)
between_subjects,ADHD,adult_adhd_8;child_adhd_40;child_adhd_48,3,3,0.4637426900584795,"42,31415",,CNN,Results\CleanDeepBenchmark\combined_holdout\CNN\cnn_model.keras,training-standardized raw EEG epoch (time x 19 channels),combined_eeg,Integrated Gradients,mean of training epochs after training-only channel standardization,ADHD positive class (sigmoid output = 1)
across_repeated_epoch_samples,ADHD,child_adhd_40,1,1,0.9947368421052633,"42,31415",child_adhd_40,CNN,Results\CleanDeepBenchmark\combined_holdout\CNN\cnn_model.keras,training-standardized raw EEG epoch (time x 19 channels),combined_eeg,Integrated Gradients,mean of training epochs after training-only channel standardization,ADHD positive class (sigmoid output = 1)
across_repeated_epoch_samples,ADHD,adult_adhd_8,1,1,0.9614035087719298,"42,31415",adult_adhd_8,CNN,Results\CleanDeepBenchmark\combined_holdout\CNN\cnn_model.keras,training-standardized raw EEG epoch (time x 19 channels),combined_eeg,Integrated Gradients,mean of training epochs after training-only channel standardization,ADHD positive class (sigmoid output = 1)
across_repeated_epoch_samples,ADHD,child_adhd_48,1,1,0.9912280701754386,"42,31415",child_adhd_48,CNN,Results\CleanDeepBenchmark\combined_holdout\CNN\cnn_model.keras,training-standardized raw EEG epoch (time x 19 channels),combined_eeg,Integrated Gradients,mean of training epochs after training-only channel standardization,ADHD positive class (sigmoid output = 1)
across_repeated_epoch_samples,Control,child_control_52,1,1,0.8333333333333334,"42,31415",child_control_52,CNN,Results\CleanDeepBenchmark\combined_holdout\CNN\cnn_model.keras,training-standardized raw EEG epoch (time x 19 channels),combined_eeg,Integrated Gradients,mean of training epochs after training-only channel standardization,ADHD positive class (sigmoid output = 1)
across_repeated_epoch_samples,Control,child_control_60,1,1,0.9859649122807018,"42,31415",child_control_60,CNN,Results\CleanDeepBenchmark\combined_holdout\CNN\cnn_model.keras,training-standardized raw EEG epoch (time x 19 channels),combined_eeg,Integrated Gradients,mean of training epochs after training-only channel standardization,ADHD positive class (sigmoid output = 1)
across_repeated_epoch_samples,Control,child_control_15,1,1,0.9964912280701754,"42,31415",child_control_15,CNN,Results\CleanDeepBenchmark\combined_holdout\CNN\cnn_model.keras,training-standardized raw EEG epoch (time x 19 channels),combined_eeg,Integrated Gradients,mean of training epochs after training-only channel standardization,ADHD positive class (sigmoid output = 1)
between_subjects,Control,child_control_52;child_control_60,2,1,0.6842105263157895,"42,31415",,LSTM,Results\CleanDeepBenchmark\combined_holdout\LSTM\lstm_model.keras,training-standardized raw EEG epoch (time x 19 channels),combined_eeg,Integrated Gradients,mean of training epochs after training-only channel standardization,ADHD positive class (sigmoid output = 1)
between_subjects,ADHD,adult_adhd_8;child_adhd_40,2,1,0.010526315789473684,"42,31415",,LSTM,Results\CleanDeepBenchmark\combined_holdout\LSTM\lstm_model.keras,training-standardized raw EEG epoch (time x 19 channels),combined_eeg,Integrated Gradients,mean of training epochs after training-only channel standardization,ADHD positive class (sigmoid output = 1)
across_repeated_epoch_samples,ADHD,child_adhd_40,1,1,0.9543859649122807,"42,31415",child_adhd_40,LSTM,Results\CleanDeepBenchmark\combined_holdout\LSTM\lstm_model.keras,training-standardized raw EEG epoch (time x 19 channels),combined_eeg,Integrated Gradients,mean of training epochs after training-only channel standardization,ADHD positive class (sigmoid output = 1)
across_repeated_epoch_samples,ADHD,adult_adhd_8,1,1,0.9421052631578948,"42,31415",adult_adhd_8,LSTM,Results\CleanDeepBenchmark\combined_holdout\LSTM\lstm_model.keras,training-standardized raw EEG epoch (time x 19 channels),combined_eeg,Integrated Gradients,mean of training epochs after training-only channel standardization,ADHD positive class (sigmoid output = 1)
across_repeated_epoch_samples,Control,child_control_52,1,1,0.47017543859649114,"42,31415",child_control_52,LSTM,Results\CleanDeepBenchmark\combined_holdout\LSTM\lstm_model.keras,training-standardized raw EEG epoch (time x 19 channels),combined_eeg,Integrated Gradients,mean of training epochs after training-only channel standardization,ADHD positive class (sigmoid output = 1)
across_repeated_epoch_samples,Control,child_control_60,1,1,0.7649122807017543,"42,31415",child_control_60,LSTM,Results\CleanDeepBenchmark\combined_holdout\LSTM\lstm_model.keras,training-standardized raw EEG epoch (time x 19 channels),combined_eeg,Integrated Gradients,mean of training epochs after training-only channel standardization,ADHD positive class (sigmoid output = 1)
