Metric,n_paired_subjects,effect_difference_a_minus_b,bootstrap_95ci_low,bootstrap_95ci_high,test_statistic,raw_p_value,test,scenario,model_a,model_b,unit,holm_corrected_p_value,statistically_significant_holm_0_05
Accuracy,121,0.008264462809917328,0.008264462809917328,0.008264462809917328,0.008264462809917328,1.0,paired subject-label-swap permutation,adult_to_child,Always-ADHD,Always-Control,subject,1.0,False
Balanced_Accuracy,121,0.0,0.0,0.0,0.0,1.0,paired subject-label-swap permutation,adult_to_child,Always-ADHD,Always-Control,subject,1.0,False
Sensitivity,121,1.0,1.0,1.0,1.0,0.000999000999000999,paired subject-label-swap permutation,adult_to_child,Always-ADHD,Always-Control,subject,0.31368631368631367,False
Specificity,121,-1.0,-1.0,-1.0,-1.0,0.000999000999000999,paired subject-label-swap permutation,adult_to_child,Always-ADHD,Always-Control,subject,0.31368631368631367,False
Precision,121,,,,,,paired subject-label-swap permutation,adult_to_child,Always-ADHD,Always-Control,subject,,False
F1,121,,,,,,paired subject-label-swap permutation,adult_to_child,Always-ADHD,Always-Control,subject,,False
ROC_AUC,121,0.0,0.0,0.0,0.0,1.0,paired subject-label-swap permutation,adult_to_child,Always-ADHD,Always-Control,subject,1.0,False
PR_AUC,121,0.0,0.0,0.0,0.0,1.0,paired subject-label-swap permutation,adult_to_child,Always-ADHD,Always-Control,subject,1.0,False
Accuracy,121,-0.07438016528925617,-0.15702479338842978,0.008264462809917328,-0.07438016528925617,0.3546453546453546,paired subject-label-swap permutation,adult_to_child,Always-ADHD,Linear SVM (Welch band power),subject,1.0,False
Balanced_Accuracy,121,-0.07978142076502726,-0.16230191256830598,0.0030054644808743536,-0.07978142076502726,0.24675324675324675,paired subject-label-swap permutation,adult_to_child,Always-ADHD,Linear SVM (Welch band power),subject,1.0,False
Sensitivity,121,0.5737704918032787,0.4426229508196722,0.6885245901639344,0.5737704918032787,0.000999000999000999,paired subject-label-swap permutation,adult_to_child,Always-ADHD,Linear SVM (Welch band power),subject,0.31368631368631367,False
Specificity,121,-0.7333333333333333,-0.85,-0.6166666666666667,-0.7333333333333333,0.000999000999000999,paired subject-label-swap permutation,adult_to_child,Always-ADHD,Linear SVM (Welch band power),subject,0.31368631368631367,False
Precision,121,-0.1149153876426604,-0.24586776859504134,0.004132231404958664,-0.1149153876426604,0.03396603396603397,paired subject-label-swap permutation,adult_to_child,Always-ADHD,Linear SVM (Welch band power),subject,1.0,False
F1,121,0.16547530139763156,0.052147852147852225,0.2790253225035834,0.16547530139763156,0.006993006993006993,paired subject-label-swap permutation,adult_to_child,Always-ADHD,Linear SVM (Welch band power),subject,1.0,False
ROC_AUC,121,-0.18715846994535523,-0.27763661202185785,-0.08988387978142073,-0.18715846994535523,0.016983016983016984,paired subject-label-swap permutation,adult_to_child,Always-ADHD,Linear SVM (Welch band power),subject,1.0,False
PR_AUC,121,0.326035824869933,-0.45002269870364275,-0.27008701792560874,0.326035824869933,0.000999000999000999,paired subject-label-swap permutation,adult_to_child,Always-ADHD,Linear SVM (Welch band power),subject,0.31368631368631367,False
Accuracy,121,-0.09917355371900827,-0.18181818181818188,-0.016528925619834767,-0.09917355371900827,0.22077922077922077,paired subject-label-swap permutation,adult_to_child,Always-ADHD,Logistic Regression (Welch band power),subject,1.0,False
Balanced_Accuracy,121,-0.10450819672131151,-0.1870252732240437,-0.021721311475409788,-0.10450819672131151,0.14885114885114886,paired subject-label-swap permutation,adult_to_child,Always-ADHD,Logistic Regression (Welch band power),subject,1.0,False
Sensitivity,121,0.540983606557377,0.4098360655737705,0.6721311475409837,0.540983606557377,0.000999000999000999,paired subject-label-swap permutation,adult_to_child,Always-ADHD,Logistic Regression (Welch band power),subject,0.31368631368631367,False
Specificity,121,-0.75,-0.8504166666666666,-0.6333333333333333,-0.75,0.000999000999000999,paired subject-label-swap permutation,adult_to_child,Always-ADHD,Logistic Regression (Welch band power),subject,0.31368631368631367,False
Precision,121,-0.1470305592927158,-0.26732880755608035,-0.029201101928374662,-0.1470305592927158,0.005994005994005994,paired subject-label-swap permutation,adult_to_child,Always-ADHD,Logistic Regression (Welch band power),subject,1.0,False
F1,121,0.13186813186813195,0.033161528736750046,0.25032967032967046,0.13186813186813195,0.04195804195804196,paired subject-label-swap permutation,adult_to_child,Always-ADHD,Logistic Regression (Welch band power),subject,1.0,False
ROC_AUC,121,-0.19262295081967218,-0.2822882513661202,-0.09887295081967212,-0.19262295081967218,0.03896103896103896,paired subject-label-swap permutation,adult_to_child,Always-ADHD,Logistic Regression (Welch band power),subject,1.0,False
PR_AUC,121,0.33387745417551373,-0.44312860889414163,-0.2631160327390546,0.33387745417551373,0.000999000999000999,paired subject-label-swap permutation,adult_to_child,Always-ADHD,Logistic Regression (Welch band power),subject,0.31368631368631367,False
Accuracy,121,0.008264462809917328,0.008264462809917328,0.008264462809917328,0.008264462809917328,1.0,paired subject-label-swap permutation,adult_to_child,Always-ADHD,Majority-class Dummy,subject,1.0,False
Balanced_Accuracy,121,0.0,0.0,0.0,0.0,1.0,paired subject-label-swap permutation,adult_to_child,Always-ADHD,Majority-class Dummy,subject,1.0,False
Sensitivity,121,1.0,1.0,1.0,1.0,0.000999000999000999,paired subject-label-swap permutation,adult_to_child,Always-ADHD,Majority-class Dummy,subject,0.31368631368631367,False
Specificity,121,-1.0,-1.0,-1.0,-1.0,0.000999000999000999,paired subject-label-swap permutation,adult_to_child,Always-ADHD,Majority-class Dummy,subject,0.31368631368631367,False
Precision,121,,,,,,paired subject-label-swap permutation,adult_to_child,Always-ADHD,Majority-class Dummy,subject,,False
F1,121,,,,,,paired subject-label-swap permutation,adult_to_child,Always-ADHD,Majority-class Dummy,subject,,False
ROC_AUC,121,0.0,0.0,0.0,0.0,1.0,paired subject-label-swap permutation,adult_to_child,Always-ADHD,Majority-class Dummy,subject,1.0,False
PR_AUC,121,0.0,0.0,0.0,0.0,1.0,paired subject-label-swap permutation,adult_to_child,Always-ADHD,Majority-class Dummy,subject,1.0,False
Accuracy,121,-0.07438016528925617,-0.15702479338842978,0.008264462809917328,-0.07438016528925617,0.32367632367632365,paired subject-label-swap permutation,adult_to_child,Always-ADHD,Stratified Dummy,subject,1.0,False
Balanced_Accuracy,121,-0.07868852459016384,-0.16134221311475413,0.00423497267759565,-0.07868852459016384,0.2017982017982018,paired subject-label-swap permutation,adult_to_child,Always-ADHD,Stratified Dummy,subject,1.0,False
Sensitivity,121,0.4426229508196722,0.3278688524590164,0.5737704918032787,0.4426229508196722,0.000999000999000999,paired subject-label-swap permutation,adult_to_child,Always-ADHD,Stratified Dummy,subject,0.31368631368631367,False
Specificity,121,-0.6,-0.7166666666666667,-0.48333333333333334,-0.6,0.000999000999000999,paired subject-label-swap permutation,adult_to_child,Always-ADHD,Stratified Dummy,subject,0.31368631368631367,False
Precision,121,-0.08207466514676542,-0.17383387028995656,0.004132231404958664,-0.08207466514676542,0.07392607392607392,paired subject-label-swap permutation,adult_to_child,Always-ADHD,Stratified Dummy,subject,1.0,False
F1,121,0.09890109890109888,0.009039347749025262,0.19417954926429504,0.09890109890109888,0.06493506493506493,paired subject-label-swap permutation,adult_to_child,Always-ADHD,Stratified Dummy,subject,1.0,False
ROC_AUC,121,-0.06188524590163935,-0.1586338797814208,0.041693989071038245,-0.06188524590163935,0.5024975024975025,paired subject-label-swap permutation,adult_to_child,Always-ADHD,Stratified Dummy,subject,1.0,False
PR_AUC,121,0.45700869858498394,-0.3192950561883731,-0.1509704449421928,0.45700869858498394,0.000999000999000999,paired subject-label-swap permutation,adult_to_child,Always-ADHD,Stratified Dummy,subject,0.31368631368631367,False
Accuracy,121,-0.0826446280991735,-0.1652892561983471,-0.008264462809917328,-0.0826446280991735,0.16483516483516483,paired subject-label-swap permutation,adult_to_child,Always-Control,Linear SVM (Welch band power),subject,1.0,False
Balanced_Accuracy,121,-0.07978142076502726,-0.16229849726775955,-0.005051229508196734,-0.07978142076502726,0.16483516483516483,paired subject-label-swap permutation,adult_to_child,Always-Control,Linear SVM (Welch band power),subject,1.0,False
Sensitivity,121,-0.4262295081967213,-0.5573770491803278,-0.3114754098360656,-0.4262295081967213,0.000999000999000999,paired subject-label-swap permutation,adult_to_child,Always-Control,Linear SVM (Welch band power),subject,0.31368631368631367,False
Specificity,121,0.2666666666666667,0.16624999999999998,0.3833333333333333,0.2666666666666667,0.000999000999000999,paired subject-label-swap permutation,adult_to_child,Always-Control,Linear SVM (Welch band power),subject,0.31368631368631367,False
Precision,121,,,,,,paired subject-label-swap permutation,adult_to_child,Always-Control,Linear SVM (Welch band power),subject,,False
F1,121,,,,,,paired subject-label-swap permutation,adult_to_child,Always-Control,Linear SVM (Welch band power),subject,,False
ROC_AUC,121,-0.18715846994535523,-0.2757855191256831,-0.08986338797814206,-0.18715846994535523,0.006993006993006993,paired subject-label-swap permutation,adult_to_child,Always-Control,Linear SVM (Welch band power),subject,1.0,False
PR_AUC,121,0.326035824869933,-0.44887325091792474,-0.27423837392057565,0.326035824869933,0.000999000999000999,paired subject-label-swap permutation,adult_to_child,Always-Control,Linear SVM (Welch band power),subject,0.31368631368631367,False
Accuracy,121,-0.1074380165289256,-0.1900826446280992,-0.016528925619834656,-0.1074380165289256,0.06893106893106893,paired subject-label-swap permutation,adult_to_child,Always-Control,Logistic Regression (Welch band power),subject,1.0,False
Balanced_Accuracy,121,-0.10450819672131151,-0.18674863387978147,-0.013931010928961691,-0.10450819672131151,0.06893106893106893,paired subject-label-swap permutation,adult_to_child,Always-Control,Logistic Regression (Welch band power),subject,1.0,False
Sensitivity,121,-0.45901639344262296,-0.5901639344262295,-0.3442622950819672,-0.45901639344262296,0.000999000999000999,paired subject-label-swap permutation,adult_to_child,Always-Control,Logistic Regression (Welch band power),subject,0.31368631368631367,False
Specificity,121,0.25,0.15000000000000002,0.3666666666666667,0.25,0.000999000999000999,paired subject-label-swap permutation,adult_to_child,Always-Control,Logistic Regression (Welch band power),subject,0.31368631368631367,False
Precision,121,,,,,,paired subject-label-swap permutation,adult_to_child,Always-Control,Logistic Regression (Welch band power),subject,,False
F1,121,,,,,,paired subject-label-swap permutation,adult_to_child,Always-Control,Logistic Regression (Welch band power),subject,,False
ROC_AUC,121,-0.19262295081967218,-0.2836065573770492,-0.08742486338797813,-0.19262295081967218,0.03896103896103896,paired subject-label-swap permutation,adult_to_child,Always-Control,Logistic Regression (Welch band power),subject,1.0,False
PR_AUC,121,0.33387745417551373,-0.4503145730430617,-0.2600328237718144,0.33387745417551373,0.000999000999000999,paired subject-label-swap permutation,adult_to_child,Always-Control,Logistic Regression (Welch band power),subject,0.31368631368631367,False
Accuracy,121,0.0,0.0,0.0,0.0,1.0,paired subject-label-swap permutation,adult_to_child,Always-Control,Majority-class Dummy,subject,1.0,False
Balanced_Accuracy,121,0.0,0.0,0.0,0.0,1.0,paired subject-label-swap permutation,adult_to_child,Always-Control,Majority-class Dummy,subject,1.0,False
Sensitivity,121,0.0,0.0,0.0,0.0,1.0,paired subject-label-swap permutation,adult_to_child,Always-Control,Majority-class Dummy,subject,1.0,False
Specificity,121,0.0,0.0,0.0,0.0,1.0,paired subject-label-swap permutation,adult_to_child,Always-Control,Majority-class Dummy,subject,1.0,False
Precision,121,,,,,,paired subject-label-swap permutation,adult_to_child,Always-Control,Majority-class Dummy,subject,,False
F1,121,,,,,,paired subject-label-swap permutation,adult_to_child,Always-Control,Majority-class Dummy,subject,,False
ROC_AUC,121,0.0,0.0,0.0,0.0,1.0,paired subject-label-swap permutation,adult_to_child,Always-Control,Majority-class Dummy,subject,1.0,False
PR_AUC,121,0.0,0.0,0.0,0.0,1.0,paired subject-label-swap permutation,adult_to_child,Always-Control,Majority-class Dummy,subject,1.0,False
Accuracy,121,-0.0826446280991735,-0.17355371900826444,0.0,-0.0826446280991735,0.2517482517482518,paired subject-label-swap permutation,adult_to_child,Always-Control,Stratified Dummy,subject,1.0,False
Balanced_Accuracy,121,-0.07868852459016384,-0.16980874316939887,0.004238387978142094,-0.07868852459016384,0.2517482517482518,paired subject-label-swap permutation,adult_to_child,Always-Control,Stratified Dummy,subject,1.0,False
Sensitivity,121,-0.5573770491803278,-0.6885245901639344,-0.4258196721311479,-0.5573770491803278,0.000999000999000999,paired subject-label-swap permutation,adult_to_child,Always-Control,Stratified Dummy,subject,0.31368631368631367,False
Specificity,121,0.4,0.2833333333333333,0.5333333333333333,0.4,0.000999000999000999,paired subject-label-swap permutation,adult_to_child,Always-Control,Stratified Dummy,subject,0.31368631368631367,False
Precision,121,,,,,,paired subject-label-swap permutation,adult_to_child,Always-Control,Stratified Dummy,subject,,False
F1,121,,,,,,paired subject-label-swap permutation,adult_to_child,Always-Control,Stratified Dummy,subject,,False
ROC_AUC,121,-0.06188524590163935,-0.16326844262295087,0.04006489071038246,-0.06188524590163935,0.4925074925074925,paired subject-label-swap permutation,adult_to_child,Always-Control,Stratified Dummy,subject,1.0,False
PR_AUC,121,0.45700869858498394,-0.33523156759562467,-0.14835952432076313,0.45700869858498394,0.000999000999000999,paired subject-label-swap permutation,adult_to_child,Always-Control,Stratified Dummy,subject,0.31368631368631367,False
Accuracy,121,-0.024793388429752095,-0.06611570247933884,0.016528925619834767,-0.024793388429752095,0.43656343656343655,paired subject-label-swap permutation,adult_to_child,Linear SVM (Welch band power),Logistic Regression (Welch band power),subject,1.0,False
Balanced_Accuracy,121,-0.024726775956284253,-0.06598360655737712,0.016393442622950838,-0.024726775956284253,0.34765234765234765,paired subject-label-swap permutation,adult_to_child,Linear SVM (Welch band power),Logistic Regression (Welch band power),subject,1.0,False
Sensitivity,121,-0.032786885245901676,-0.11475409836065575,0.04918032786885246,-0.032786885245901676,0.6673326673326674,paired subject-label-swap permutation,adult_to_child,Linear SVM (Welch band power),Logistic Regression (Welch band power),subject,1.0,False
Specificity,121,-0.01666666666666672,-0.050000000000000044,0.0,-0.01666666666666672,1.0,paired subject-label-swap permutation,adult_to_child,Linear SVM (Welch band power),Logistic Regression (Welch band power),subject,1.0,False
Precision,121,-0.032115171650055396,-0.08981733713441023,0.020243838763575637,-0.032115171650055396,0.34765234765234765,paired subject-label-swap permutation,adult_to_child,Linear SVM (Welch band power),Logistic Regression (Welch band power),subject,1.0,False
F1,121,-0.0336071695294996,-0.10794564240790645,0.04030430979731354,-0.0336071695294996,0.43656343656343655,paired subject-label-swap permutation,adult_to_child,Linear SVM (Welch band power),Logistic Regression (Welch band power),subject,1.0,False
ROC_AUC,121,-0.005464480874316946,-0.02787568306010938,0.016673497267759605,-0.005464480874316946,0.929070929070929,paired subject-label-swap permutation,adult_to_child,Linear SVM (Welch band power),Logistic Regression (Welch band power),subject,1.0,False
PR_AUC,121,0.007841629305580744,-0.020463986873895727,0.042650884791266164,0.007841629305580744,0.8531468531468531,paired subject-label-swap permutation,adult_to_child,Linear SVM (Welch band power),Logistic Regression (Welch band power),subject,1.0,False
Accuracy,121,0.0826446280991735,0.0,0.1652892561983471,0.0826446280991735,0.18181818181818182,paired subject-label-swap permutation,adult_to_child,Linear SVM (Welch band power),Majority-class Dummy,subject,1.0,False
Balanced_Accuracy,121,0.07978142076502726,-0.0027390710382513696,0.16243510928961755,0.07978142076502726,0.18181818181818182,paired subject-label-swap permutation,adult_to_child,Linear SVM (Welch band power),Majority-class Dummy,subject,1.0,False
Sensitivity,121,0.4262295081967213,0.29508196721311475,0.5573770491803278,0.4262295081967213,0.000999000999000999,paired subject-label-swap permutation,adult_to_child,Linear SVM (Welch band power),Majority-class Dummy,subject,0.31368631368631367,False
Specificity,121,-0.2666666666666667,-0.3666666666666667,-0.15000000000000002,-0.2666666666666667,0.000999000999000999,paired subject-label-swap permutation,adult_to_child,Linear SVM (Welch band power),Majority-class Dummy,subject,0.31368631368631367,False
Precision,121,,,,,,paired subject-label-swap permutation,adult_to_child,Linear SVM (Welch band power),Majority-class Dummy,subject,,False
F1,121,,,,,,paired subject-label-swap permutation,adult_to_child,Linear SVM (Welch band power),Majority-class Dummy,subject,,False
ROC_AUC,121,0.18715846994535523,0.09204918032786885,0.2841666666666666,0.18715846994535523,0.008991008991008992,paired subject-label-swap permutation,adult_to_child,Linear SVM (Welch band power),Majority-class Dummy,subject,1.0,False
PR_AUC,121,-0.326035824869933,0.2635487522584372,0.452228151266564,-0.326035824869933,0.000999000999000999,paired subject-label-swap permutation,adult_to_child,Linear SVM (Welch band power),Majority-class Dummy,subject,0.31368631368631367,False
Accuracy,121,0.0,-0.1322314049586777,0.12396694214876036,0.0,1.0,paired subject-label-swap permutation,adult_to_child,Linear SVM (Welch band power),Stratified Dummy,subject,1.0,False
Balanced_Accuracy,121,0.0010928961748634114,-0.13101434426229516,0.12486680327868845,0.0010928961748634114,0.9120879120879121,paired subject-label-swap permutation,adult_to_child,Linear SVM (Welch band power),Stratified Dummy,subject,1.0,False
Sensitivity,121,-0.13114754098360654,-0.3282786885245902,0.0655737704918033,-0.13114754098360654,0.2127872127872128,paired subject-label-swap permutation,adult_to_child,Linear SVM (Welch band power),Stratified Dummy,subject,1.0,False
Specificity,121,0.1333333333333333,-0.033333333333333326,0.3,0.1333333333333333,0.16383616383616384,paired subject-label-swap permutation,adult_to_child,Linear SVM (Welch band power),Stratified Dummy,subject,1.0,False
Precision,121,0.03284072249589498,-0.1250348883572568,0.19253004622496145,0.03284072249589498,0.6603396603396603,paired subject-label-swap permutation,adult_to_child,Linear SVM (Welch band power),Stratified Dummy,subject,1.0,False
F1,121,-0.06657420249653268,-0.23912089041183512,0.09268162393162392,-0.06657420249653268,0.4095904095904096,paired subject-label-swap permutation,adult_to_child,Linear SVM (Welch band power),Stratified Dummy,subject,1.0,False
ROC_AUC,121,0.12527322404371588,-0.021359289617486402,0.2715983606557377,0.12527322404371588,0.12187812187812187,paired subject-label-swap permutation,adult_to_child,Linear SVM (Welch band power),Stratified Dummy,subject,1.0,False
PR_AUC,121,0.13097287371505095,-0.00257887777551819,0.26242949464844145,0.13097287371505095,0.053946053946053944,paired subject-label-swap permutation,adult_to_child,Linear SVM (Welch band power),Stratified Dummy,subject,1.0,False
Accuracy,121,0.1074380165289256,0.024793388429752095,0.18202479338842953,0.1074380165289256,0.060939060939060936,paired subject-label-swap permutation,adult_to_child,Logistic Regression (Welch band power),Majority-class Dummy,subject,1.0,False
Balanced_Accuracy,121,0.10450819672131151,0.02199112021857922,0.1795560109289615,0.10450819672131151,0.060939060939060936,paired subject-label-swap permutation,adult_to_child,Logistic Regression (Welch band power),Majority-class Dummy,subject,1.0,False
Sensitivity,121,0.45901639344262296,0.3442622950819672,0.5737704918032787,0.45901639344262296,0.000999000999000999,paired subject-label-swap permutation,adult_to_child,Logistic Regression (Welch band power),Majority-class Dummy,subject,0.31368631368631367,False
Specificity,121,-0.25,-0.3504166666666666,-0.15000000000000002,-0.25,0.000999000999000999,paired subject-label-swap permutation,adult_to_child,Logistic Regression (Welch band power),Majority-class Dummy,subject,0.31368631368631367,False
Precision,121,,,,,,paired subject-label-swap permutation,adult_to_child,Logistic Regression (Welch band power),Majority-class Dummy,subject,,False
F1,121,,,,,,paired subject-label-swap permutation,adult_to_child,Logistic Regression (Welch band power),Majority-class Dummy,subject,,False
ROC_AUC,121,0.19262295081967218,0.09726092896174861,0.27984289617486335,0.19262295081967218,0.03796203796203796,paired subject-label-swap permutation,adult_to_child,Logistic Regression (Welch band power),Majority-class Dummy,subject,1.0,False
PR_AUC,121,-0.33387745417551373,0.2635097680982718,0.4349529883397396,-0.33387745417551373,0.000999000999000999,paired subject-label-swap permutation,adult_to_child,Logistic Regression (Welch band power),Majority-class Dummy,subject,0.31368631368631367,False
Accuracy,121,0.024793388429752095,-0.09917355371900827,0.15702479338842978,0.024793388429752095,0.7992007992007992,paired subject-label-swap permutation,adult_to_child,Logistic Regression (Welch band power),Stratified Dummy,subject,1.0,False
Balanced_Accuracy,121,0.025819672131147664,-0.09768442622950828,0.15806010928961745,0.025819672131147664,0.6203796203796204,paired subject-label-swap permutation,adult_to_child,Logistic Regression (Welch band power),Stratified Dummy,subject,1.0,False
Sensitivity,121,-0.09836065573770486,-0.27868852459016397,0.09836065573770486,-0.09836065573770486,0.3806193806193806,paired subject-label-swap permutation,adult_to_child,Logistic Regression (Welch band power),Stratified Dummy,subject,1.0,False
Specificity,121,0.15000000000000002,-0.016666666666666607,0.31666666666666665,0.15000000000000002,0.11588411588411589,paired subject-label-swap permutation,adult_to_child,Logistic Regression (Welch band power),Stratified Dummy,subject,1.0,False
Precision,121,0.06495589414595038,-0.08747833649588864,0.2173240955068649,0.06495589414595038,0.4205794205794206,paired subject-label-swap permutation,adult_to_child,Logistic Regression (Welch band power),Stratified Dummy,subject,1.0,False
F1,121,-0.03296703296703307,-0.1954692826283056,0.12567325151424943,-0.03296703296703307,0.6703296703296703,paired subject-label-swap permutation,adult_to_child,Logistic Regression (Welch band power),Stratified Dummy,subject,1.0,False
ROC_AUC,121,0.13073770491803283,-0.012185792349726773,0.2841154371584698,0.13073770491803283,0.08691308691308691,paired subject-label-swap permutation,adult_to_child,Logistic Regression (Welch band power),Stratified Dummy,subject,1.0,False
PR_AUC,121,0.12313124440947021,-0.010364039707735865,0.25930096890587806,0.12313124440947021,0.07692307692307693,paired subject-label-swap permutation,adult_to_child,Logistic Regression (Welch band power),Stratified Dummy,subject,1.0,False
Accuracy,121,-0.0826446280991735,-0.1652892561983471,0.00020661157024774666,-0.0826446280991735,0.25374625374625376,paired subject-label-swap permutation,adult_to_child,Majority-class Dummy,Stratified Dummy,subject,1.0,False
Balanced_Accuracy,121,-0.07868852459016384,-0.16134221311475413,0.004822404371584554,-0.07868852459016384,0.25374625374625376,paired subject-label-swap permutation,adult_to_child,Majority-class Dummy,Stratified Dummy,subject,1.0,False
Sensitivity,121,-0.5573770491803278,-0.6721311475409836,-0.4262295081967213,-0.5573770491803278,0.000999000999000999,paired subject-label-swap permutation,adult_to_child,Majority-class Dummy,Stratified Dummy,subject,0.31368631368631367,False
Specificity,121,0.4,0.2666666666666667,0.5166666666666666,0.4,0.000999000999000999,paired subject-label-swap permutation,adult_to_child,Majority-class Dummy,Stratified Dummy,subject,0.31368631368631367,False
Precision,121,,,,,,paired subject-label-swap permutation,adult_to_child,Majority-class Dummy,Stratified Dummy,subject,,False
F1,121,,,,,,paired subject-label-swap permutation,adult_to_child,Majority-class Dummy,Stratified Dummy,subject,,False
ROC_AUC,121,-0.06188524590163935,-0.15617827868852455,0.04031420765027323,-0.06188524590163935,0.5374625374625375,paired subject-label-swap permutation,adult_to_child,Majority-class Dummy,Stratified Dummy,subject,1.0,False
PR_AUC,121,0.45700869858498394,-0.31595225842115815,-0.14928683437129647,0.45700869858498394,0.000999000999000999,paired subject-label-swap permutation,adult_to_child,Majority-class Dummy,Stratified Dummy,subject,0.31368631368631367,False
Accuracy,16,0.0,0.0,0.0,0.0,1.0,paired subject-label-swap permutation,child_to_adult,Always-ADHD,Always-Control,subject,1.0,False
Balanced_Accuracy,16,0.0,0.0,0.0,0.0,1.0,paired subject-label-swap permutation,child_to_adult,Always-ADHD,Always-Control,subject,1.0,False
Sensitivity,16,1.0,1.0,1.0,1.0,0.004995004995004995,paired subject-label-swap permutation,child_to_adult,Always-ADHD,Always-Control,subject,1.0,False
Specificity,16,-1.0,-1.0,-1.0,-1.0,0.006993006993006993,paired subject-label-swap permutation,child_to_adult,Always-ADHD,Always-Control,subject,1.0,False
Precision,16,,,,,,paired subject-label-swap permutation,child_to_adult,Always-ADHD,Always-Control,subject,,False
F1,16,,,,,,paired subject-label-swap permutation,child_to_adult,Always-ADHD,Always-Control,subject,,False
ROC_AUC,16,0.0,0.0,0.0,0.0,1.0,paired subject-label-swap permutation,child_to_adult,Always-ADHD,Always-Control,subject,1.0,False
PR_AUC,16,0.0,0.0,0.0,0.0,1.0,paired subject-label-swap permutation,child_to_adult,Always-ADHD,Always-Control,subject,1.0,False
Accuracy,16,0.0625,0.0,0.1875,0.0625,1.0,paired subject-label-swap permutation,child_to_adult,Always-ADHD,Linear SVM (Welch band power),subject,1.0,False
Balanced_Accuracy,16,0.0625,0.0,0.1875,0.0625,1.0,paired subject-label-swap permutation,child_to_adult,Always-ADHD,Linear SVM (Welch band power),subject,1.0,False
Sensitivity,16,1.0,1.0,1.0,1.0,0.007992007992007992,paired subject-label-swap permutation,child_to_adult,Always-ADHD,Linear SVM (Welch band power),subject,1.0,False
Specificity,16,-0.875,-1.0,-0.625,-0.875,0.015984015984015984,paired subject-label-swap permutation,child_to_adult,Always-ADHD,Linear SVM (Welch band power),subject,1.0,False
Precision,16,0.5,0.5,0.5,0.5,0.029970029970029972,paired subject-label-swap permutation,child_to_adult,Always-ADHD,Linear SVM (Welch band power),subject,1.0,False
F1,16,0.6666666666666666,0.6666666666666666,0.6666666666666666,0.6666666666666666,0.00999000999000999,paired subject-label-swap permutation,child_to_adult,Always-ADHD,Linear SVM (Welch band power),subject,1.0,False
ROC_AUC,16,-0.03125,-0.3125,0.265625,-0.03125,0.9310689310689311,paired subject-label-swap permutation,child_to_adult,Always-ADHD,Linear SVM (Welch band power),subject,1.0,False
PR_AUC,16,0.43685897435897436,-0.5176107572982572,-0.07016148781773782,0.43685897435897436,0.02097902097902098,paired subject-label-swap permutation,child_to_adult,Always-ADHD,Linear SVM (Welch band power),subject,1.0,False
Accuracy,16,0.0,-0.125,0.1875,0.0,1.0,paired subject-label-swap permutation,child_to_adult,Always-ADHD,Logistic Regression (Welch band power),subject,1.0,False
Balanced_Accuracy,16,0.0,-0.125,0.1875,0.0,1.0,paired subject-label-swap permutation,child_to_adult,Always-ADHD,Logistic Regression (Welch band power),subject,1.0,False
Sensitivity,16,0.875,0.625,1.0,0.875,0.01998001998001998,paired subject-label-swap permutation,child_to_adult,Always-ADHD,Logistic Regression (Welch band power),subject,1.0,False
Specificity,16,-0.875,-1.0,-0.625,-0.875,0.012987012987012988,paired subject-label-swap permutation,child_to_adult,Always-ADHD,Logistic Regression (Welch band power),subject,1.0,False
Precision,16,0.0,-0.5,0.5,0.0,1.0,paired subject-label-swap permutation,child_to_adult,Always-ADHD,Logistic Regression (Welch band power),subject,1.0,False
F1,16,0.4666666666666666,0.1366666666666667,0.6666666666666666,0.4666666666666666,0.07492507492507493,paired subject-label-swap permutation,child_to_adult,Always-ADHD,Logistic Regression (Welch band power),subject,1.0,False
ROC_AUC,16,-0.015625,-0.296875,0.28125,-0.015625,0.974025974025974,paired subject-label-swap permutation,child_to_adult,Always-ADHD,Logistic Regression (Welch band power),subject,1.0,False
PR_AUC,16,0.4395299145299145,-0.5247042367354868,-0.06527777777777777,0.4395299145299145,0.03796203796203796,paired subject-label-swap permutation,child_to_adult,Always-ADHD,Logistic Regression (Welch band power),subject,1.0,False
Accuracy,16,0.0,0.0,0.0,0.0,1.0,paired subject-label-swap permutation,child_to_adult,Always-ADHD,Majority-class Dummy,subject,1.0,False
Balanced_Accuracy,16,0.0,0.0,0.0,0.0,1.0,paired subject-label-swap permutation,child_to_adult,Always-ADHD,Majority-class Dummy,subject,1.0,False
Sensitivity,16,0.0,0.0,0.0,0.0,1.0,paired subject-label-swap permutation,child_to_adult,Always-ADHD,Majority-class Dummy,subject,1.0,False
Specificity,16,0.0,0.0,0.0,0.0,1.0,paired subject-label-swap permutation,child_to_adult,Always-ADHD,Majority-class Dummy,subject,1.0,False
Precision,16,0.0,0.0,0.0,0.0,1.0,paired subject-label-swap permutation,child_to_adult,Always-ADHD,Majority-class Dummy,subject,1.0,False
F1,16,0.0,0.0,0.0,0.0,1.0,paired subject-label-swap permutation,child_to_adult,Always-ADHD,Majority-class Dummy,subject,1.0,False
ROC_AUC,16,0.0,0.0,0.0,0.0,1.0,paired subject-label-swap permutation,child_to_adult,Always-ADHD,Majority-class Dummy,subject,1.0,False
PR_AUC,16,0.0,0.0,0.0,0.0,1.0,paired subject-label-swap permutation,child_to_adult,Always-ADHD,Majority-class Dummy,subject,1.0,False
Accuracy,16,0.0,0.0,0.0,0.0,1.0,paired subject-label-swap permutation,child_to_adult,Always-ADHD,Stratified Dummy,subject,1.0,False
Balanced_Accuracy,16,0.0,0.0,0.0,0.0,1.0,paired subject-label-swap permutation,child_to_adult,Always-ADHD,Stratified Dummy,subject,1.0,False
Sensitivity,16,0.0,0.0,0.0,0.0,1.0,paired subject-label-swap permutation,child_to_adult,Always-ADHD,Stratified Dummy,subject,1.0,False
Specificity,16,0.0,0.0,0.0,0.0,1.0,paired subject-label-swap permutation,child_to_adult,Always-ADHD,Stratified Dummy,subject,1.0,False
Precision,16,0.0,0.0,0.0,0.0,1.0,paired subject-label-swap permutation,child_to_adult,Always-ADHD,Stratified Dummy,subject,1.0,False
F1,16,0.0,0.0,0.0,0.0,1.0,paired subject-label-swap permutation,child_to_adult,Always-ADHD,Stratified Dummy,subject,1.0,False
ROC_AUC,16,0.40625,0.171875,0.5,0.40625,0.13986013986013987,paired subject-label-swap permutation,child_to_adult,Always-ADHD,Stratified Dummy,subject,1.0,False
PR_AUC,16,0.6350940725940726,-0.21111111111111114,0.0,0.6350940725940726,0.008991008991008992,paired subject-label-swap permutation,child_to_adult,Always-ADHD,Stratified Dummy,subject,1.0,False
Accuracy,16,0.0625,0.0,0.1875,0.0625,1.0,paired subject-label-swap permutation,child_to_adult,Always-Control,Linear SVM (Welch band power),subject,1.0,False
Balanced_Accuracy,16,0.0625,0.0,0.1875,0.0625,1.0,paired subject-label-swap permutation,child_to_adult,Always-Control,Linear SVM (Welch band power),subject,1.0,False
Sensitivity,16,0.0,0.0,0.0,0.0,1.0,paired subject-label-swap permutation,child_to_adult,Always-Control,Linear SVM (Welch band power),subject,1.0,False
Specificity,16,0.125,0.0,0.375,0.125,1.0,paired subject-label-swap permutation,child_to_adult,Always-Control,Linear SVM (Welch band power),subject,1.0,False
Precision,16,,,,,,paired subject-label-swap permutation,child_to_adult,Always-Control,Linear SVM (Welch band power),subject,,False
F1,16,,,,,,paired subject-label-swap permutation,child_to_adult,Always-Control,Linear SVM (Welch band power),subject,,False
ROC_AUC,16,-0.03125,-0.328125,0.28125,-0.03125,0.936063936063936,paired subject-label-swap permutation,child_to_adult,Always-Control,Linear SVM (Welch band power),subject,1.0,False
PR_AUC,16,0.43685897435897436,-0.5204496891996891,-0.06389164654789654,0.43685897435897436,0.04595404595404595,paired subject-label-swap permutation,child_to_adult,Always-Control,Linear SVM (Welch band power),subject,1.0,False
Accuracy,16,0.0,-0.1875,0.12656249999999858,0.0,1.0,paired subject-label-swap permutation,child_to_adult,Always-Control,Logistic Regression (Welch band power),subject,1.0,False
Balanced_Accuracy,16,0.0,-0.1875,0.12656249999999858,0.0,1.0,paired subject-label-swap permutation,child_to_adult,Always-Control,Logistic Regression (Welch band power),subject,1.0,False
Sensitivity,16,-0.125,-0.375,0.0,-0.125,1.0,paired subject-label-swap permutation,child_to_adult,Always-Control,Logistic Regression (Welch band power),subject,1.0,False
Specificity,16,0.125,0.0,0.375,0.125,1.0,paired subject-label-swap permutation,child_to_adult,Always-Control,Logistic Regression (Welch band power),subject,1.0,False
Precision,16,,,,,,paired subject-label-swap permutation,child_to_adult,Always-Control,Logistic Regression (Welch band power),subject,,False
F1,16,,,,,,paired subject-label-swap permutation,child_to_adult,Always-Control,Logistic Regression (Welch band power),subject,,False
ROC_AUC,16,-0.015625,-0.328515625,0.296875,-0.015625,0.978021978021978,paired subject-label-swap permutation,child_to_adult,Always-Control,Logistic Regression (Welch band power),subject,1.0,False
PR_AUC,16,0.4395299145299145,-0.5337495403901654,-0.058255581224331214,0.4395299145299145,0.052947052947052944,paired subject-label-swap permutation,child_to_adult,Always-Control,Logistic Regression (Welch band power),subject,1.0,False
Accuracy,16,0.0,0.0,0.0,0.0,1.0,paired subject-label-swap permutation,child_to_adult,Always-Control,Majority-class Dummy,subject,1.0,False
Balanced_Accuracy,16,0.0,0.0,0.0,0.0,1.0,paired subject-label-swap permutation,child_to_adult,Always-Control,Majority-class Dummy,subject,1.0,False
Sensitivity,16,-1.0,-1.0,-1.0,-1.0,0.008991008991008992,paired subject-label-swap permutation,child_to_adult,Always-Control,Majority-class Dummy,subject,1.0,False
Specificity,16,1.0,1.0,1.0,1.0,0.00999000999000999,paired subject-label-swap permutation,child_to_adult,Always-Control,Majority-class Dummy,subject,1.0,False
Precision,16,,,,,,paired subject-label-swap permutation,child_to_adult,Always-Control,Majority-class Dummy,subject,,False
F1,16,,,,,,paired subject-label-swap permutation,child_to_adult,Always-Control,Majority-class Dummy,subject,,False
ROC_AUC,16,0.0,0.0,0.0,0.0,1.0,paired subject-label-swap permutation,child_to_adult,Always-Control,Majority-class Dummy,subject,1.0,False
PR_AUC,16,0.0,0.0,0.0,0.0,1.0,paired subject-label-swap permutation,child_to_adult,Always-Control,Majority-class Dummy,subject,1.0,False
Accuracy,16,0.0,0.0,0.0,0.0,1.0,paired subject-label-swap permutation,child_to_adult,Always-Control,Stratified Dummy,subject,1.0,False
Balanced_Accuracy,16,0.0,0.0,0.0,0.0,1.0,paired subject-label-swap permutation,child_to_adult,Always-Control,Stratified Dummy,subject,1.0,False
Sensitivity,16,-1.0,-1.0,-1.0,-1.0,0.007992007992007992,paired subject-label-swap permutation,child_to_adult,Always-Control,Stratified Dummy,subject,1.0,False
Specificity,16,1.0,1.0,1.0,1.0,0.004995004995004995,paired subject-label-swap permutation,child_to_adult,Always-Control,Stratified Dummy,subject,1.0,False
Precision,16,,,,,,paired subject-label-swap permutation,child_to_adult,Always-Control,Stratified Dummy,subject,,False
F1,16,,,,,,paired subject-label-swap permutation,child_to_adult,Always-Control,Stratified Dummy,subject,,False
ROC_AUC,16,0.40625,0.21875,0.5,0.40625,0.15284715284715283,paired subject-label-swap permutation,child_to_adult,Always-Control,Stratified Dummy,subject,1.0,False
PR_AUC,16,0.6350940725940726,-0.21111111111111114,0.0,0.6350940725940726,0.004995004995004995,paired subject-label-swap permutation,child_to_adult,Always-Control,Stratified Dummy,subject,1.0,False
Accuracy,16,-0.0625,-0.1875,0.0,-0.0625,1.0,paired subject-label-swap permutation,child_to_adult,Linear SVM (Welch band power),Logistic Regression (Welch band power),subject,1.0,False
Balanced_Accuracy,16,-0.0625,-0.1875,0.0,-0.0625,1.0,paired subject-label-swap permutation,child_to_adult,Linear SVM (Welch band power),Logistic Regression (Welch band power),subject,1.0,False
Sensitivity,16,-0.125,-0.375,0.0,-0.125,1.0,paired subject-label-swap permutation,child_to_adult,Linear SVM (Welch band power),Logistic Regression (Welch band power),subject,1.0,False
Specificity,16,0.0,0.0,0.0,0.0,1.0,paired subject-label-swap permutation,child_to_adult,Linear SVM (Welch band power),Logistic Regression (Welch band power),subject,1.0,False
Precision,16,-0.5,-0.75,0.0,-0.5,1.0,paired subject-label-swap permutation,child_to_adult,Linear SVM (Welch band power),Logistic Regression (Welch band power),subject,1.0,False
F1,16,-0.2,-0.5,0.0,-0.2,1.0,paired subject-label-swap permutation,child_to_adult,Linear SVM (Welch band power),Logistic Regression (Welch band power),subject,1.0,False
ROC_AUC,16,0.015625,-0.0625,0.140625,0.015625,0.973026973026973,paired subject-label-swap permutation,child_to_adult,Linear SVM (Welch band power),Logistic Regression (Welch band power),subject,1.0,False
PR_AUC,16,0.0026709401709401615,-0.03334742514430003,0.0492579642579642,0.0026709401709401615,0.988011988011988,paired subject-label-swap permutation,child_to_adult,Linear SVM (Welch band power),Logistic Regression (Welch band power),subject,1.0,False
Accuracy,16,-0.0625,-0.1875,0.0,-0.0625,1.0,paired subject-label-swap permutation,child_to_adult,Linear SVM (Welch band power),Majority-class Dummy,subject,1.0,False
Balanced_Accuracy,16,-0.0625,-0.1875,0.0,-0.0625,1.0,paired subject-label-swap permutation,child_to_adult,Linear SVM (Welch band power),Majority-class Dummy,subject,1.0,False
Sensitivity,16,-1.0,-1.0,-1.0,-1.0,0.008991008991008992,paired subject-label-swap permutation,child_to_adult,Linear SVM (Welch band power),Majority-class Dummy,subject,1.0,False
Specificity,16,0.875,0.625,1.0,0.875,0.012987012987012988,paired subject-label-swap permutation,child_to_adult,Linear SVM (Welch band power),Majority-class Dummy,subject,1.0,False
Precision,16,-0.5,-0.5,-0.5,-0.5,0.03196803196803197,paired subject-label-swap permutation,child_to_adult,Linear SVM (Welch band power),Majority-class Dummy,subject,1.0,False
F1,16,-0.6666666666666666,-0.6666666666666666,-0.6666666666666666,-0.6666666666666666,0.012987012987012988,paired subject-label-swap permutation,child_to_adult,Linear SVM (Welch band power),Majority-class Dummy,subject,1.0,False
ROC_AUC,16,0.03125,-0.250390625,0.328125,0.03125,0.932067932067932,paired subject-label-swap permutation,child_to_adult,Linear SVM (Welch band power),Majority-class Dummy,subject,1.0,False
PR_AUC,16,-0.43685897435897436,0.07090785082972582,0.542038517038517,-0.43685897435897436,0.03996003996003996,paired subject-label-swap permutation,child_to_adult,Linear SVM (Welch band power),Majority-class Dummy,subject,1.0,False
Accuracy,16,-0.0625,-0.1875,0.0,-0.0625,1.0,paired subject-label-swap permutation,child_to_adult,Linear SVM (Welch band power),Stratified Dummy,subject,1.0,False
Balanced_Accuracy,16,-0.0625,-0.1875,0.0,-0.0625,1.0,paired subject-label-swap permutation,child_to_adult,Linear SVM (Welch band power),Stratified Dummy,subject,1.0,False
Sensitivity,16,-1.0,-1.0,-1.0,-1.0,0.007992007992007992,paired subject-label-swap permutation,child_to_adult,Linear SVM (Welch band power),Stratified Dummy,subject,1.0,False
Specificity,16,0.875,0.625,1.0,0.875,0.01998001998001998,paired subject-label-swap permutation,child_to_adult,Linear SVM (Welch band power),Stratified Dummy,subject,1.0,False
Precision,16,-0.5,-0.5,-0.5,-0.5,0.053946053946053944,paired subject-label-swap permutation,child_to_adult,Linear SVM (Welch band power),Stratified Dummy,subject,1.0,False
F1,16,-0.6666666666666666,-0.6666666666666666,-0.6666666666666666,-0.6666666666666666,0.015984015984015984,paired subject-label-swap permutation,child_to_adult,Linear SVM (Welch band power),Stratified Dummy,subject,1.0,False
ROC_AUC,16,0.4375,0.04648437500000002,0.796875,0.4375,0.14385614385614387,paired subject-label-swap permutation,child_to_adult,Linear SVM (Welch band power),Stratified Dummy,subject,1.0,False
PR_AUC,16,0.19823509823509827,0.005598620129870113,0.4914805333555334,0.19823509823509827,0.19880119880119881,paired subject-label-swap permutation,child_to_adult,Linear SVM (Welch band power),Stratified Dummy,subject,1.0,False
Accuracy,16,0.0,-0.1875,0.12656249999999858,0.0,1.0,paired subject-label-swap permutation,child_to_adult,Logistic Regression (Welch band power),Majority-class Dummy,subject,1.0,False
Balanced_Accuracy,16,0.0,-0.1875,0.12656249999999858,0.0,1.0,paired subject-label-swap permutation,child_to_adult,Logistic Regression (Welch band power),Majority-class Dummy,subject,1.0,False
Sensitivity,16,-0.875,-1.0,-0.625,-0.875,0.003996003996003996,paired subject-label-swap permutation,child_to_adult,Logistic Regression (Welch band power),Majority-class Dummy,subject,1.0,False
Specificity,16,0.875,0.625,1.0,0.875,0.015984015984015984,paired subject-label-swap permutation,child_to_adult,Logistic Regression (Welch band power),Majority-class Dummy,subject,1.0,False
Precision,16,0.0,-0.5,0.5,0.0,1.0,paired subject-label-swap permutation,child_to_adult,Logistic Regression (Welch band power),Majority-class Dummy,subject,1.0,False
F1,16,-0.4666666666666666,-0.6666666666666666,-0.12121212121212122,-0.4666666666666666,0.06393606393606394,paired subject-label-swap permutation,child_to_adult,Logistic Regression (Welch band power),Majority-class Dummy,subject,1.0,False
ROC_AUC,16,0.015625,-0.28125,0.328125,0.015625,0.981018981018981,paired subject-label-swap permutation,child_to_adult,Logistic Regression (Welch band power),Majority-class Dummy,subject,1.0,False
PR_AUC,16,-0.4395299145299145,0.06178582702020199,0.542038517038517,-0.4395299145299145,0.023976023976023976,paired subject-label-swap permutation,child_to_adult,Logistic Regression (Welch band power),Majority-class Dummy,subject,1.0,False
Accuracy,16,0.0,-0.125,0.125,0.0,1.0,paired subject-label-swap permutation,child_to_adult,Logistic Regression (Welch band power),Stratified Dummy,subject,1.0,False
Balanced_Accuracy,16,0.0,-0.125,0.125,0.0,1.0,paired subject-label-swap permutation,child_to_adult,Logistic Regression (Welch band power),Stratified Dummy,subject,1.0,False
Sensitivity,16,-0.875,-1.0,-0.625,-0.875,0.01998001998001998,paired subject-label-swap permutation,child_to_adult,Logistic Regression (Welch band power),Stratified Dummy,subject,1.0,False
Specificity,16,0.875,0.625,1.0,0.875,0.011988011988011988,paired subject-label-swap permutation,child_to_adult,Logistic Regression (Welch band power),Stratified Dummy,subject,1.0,False
Precision,16,0.0,-0.5,0.5,0.0,1.0,paired subject-label-swap permutation,child_to_adult,Logistic Regression (Welch band power),Stratified Dummy,subject,1.0,False
F1,16,-0.4666666666666666,-0.6666666666666666,-0.12121212121212122,-0.4666666666666666,0.06993006993006994,paired subject-label-swap permutation,child_to_adult,Logistic Regression (Welch band power),Stratified Dummy,subject,1.0,False
ROC_AUC,16,0.421875,0.03125,0.8125,0.421875,0.12287712287712288,paired subject-label-swap permutation,child_to_adult,Logistic Regression (Welch band power),Stratified Dummy,subject,1.0,False
PR_AUC,16,0.1955641580641581,0.002769886363636338,0.5100158522033521,0.1955641580641581,0.09090909090909091,paired subject-label-swap permutation,child_to_adult,Logistic Regression (Welch band power),Stratified Dummy,subject,1.0,False
Accuracy,16,0.0,0.0,0.0,0.0,1.0,paired subject-label-swap permutation,child_to_adult,Majority-class Dummy,Stratified Dummy,subject,1.0,False
Balanced_Accuracy,16,0.0,0.0,0.0,0.0,1.0,paired subject-label-swap permutation,child_to_adult,Majority-class Dummy,Stratified Dummy,subject,1.0,False
Sensitivity,16,0.0,0.0,0.0,0.0,1.0,paired subject-label-swap permutation,child_to_adult,Majority-class Dummy,Stratified Dummy,subject,1.0,False
Specificity,16,0.0,0.0,0.0,0.0,1.0,paired subject-label-swap permutation,child_to_adult,Majority-class Dummy,Stratified Dummy,subject,1.0,False
Precision,16,0.0,0.0,0.0,0.0,1.0,paired subject-label-swap permutation,child_to_adult,Majority-class Dummy,Stratified Dummy,subject,1.0,False
F1,16,0.0,0.0,0.0,0.0,1.0,paired subject-label-swap permutation,child_to_adult,Majority-class Dummy,Stratified Dummy,subject,1.0,False
ROC_AUC,16,0.40625,0.21875,0.5,0.40625,0.14985014985014986,paired subject-label-swap permutation,child_to_adult,Majority-class Dummy,Stratified Dummy,subject,1.0,False
PR_AUC,16,0.6350940725940726,-0.21111111111111114,0.0,0.6350940725940726,0.00999000999000999,paired subject-label-swap permutation,child_to_adult,Majority-class Dummy,Stratified Dummy,subject,1.0,False
Accuracy,28,0.0,0.0,0.0,0.0,1.0,paired subject-label-swap permutation,combined_holdout,Always-ADHD,Always-Control,subject,1.0,False
Balanced_Accuracy,28,0.0,0.0,0.0,0.0,1.0,paired subject-label-swap permutation,combined_holdout,Always-ADHD,Always-Control,subject,1.0,False
Sensitivity,28,1.0,1.0,1.0,1.0,0.000999000999000999,paired subject-label-swap permutation,combined_holdout,Always-ADHD,Always-Control,subject,0.31368631368631367,False
Specificity,28,-1.0,-1.0,-1.0,-1.0,0.000999000999000999,paired subject-label-swap permutation,combined_holdout,Always-ADHD,Always-Control,subject,0.31368631368631367,False
Precision,28,,,,,,paired subject-label-swap permutation,combined_holdout,Always-ADHD,Always-Control,subject,,False
F1,28,,,,,,paired subject-label-swap permutation,combined_holdout,Always-ADHD,Always-Control,subject,,False
ROC_AUC,28,0.0,0.0,0.0,0.0,1.0,paired subject-label-swap permutation,combined_holdout,Always-ADHD,Always-Control,subject,1.0,False
PR_AUC,28,0.0,0.0,0.0,0.0,1.0,paired subject-label-swap permutation,combined_holdout,Always-ADHD,Always-Control,subject,1.0,False
Accuracy,28,-0.1071428571428571,-0.25,0.0357142857142857,-0.1071428571428571,0.45054945054945056,paired subject-label-swap permutation,combined_holdout,Always-ADHD,Linear SVM (Welch band power),subject,1.0,False
Balanced_Accuracy,28,-0.1071428571428571,-0.25,0.035714285714285754,-0.1071428571428571,0.45054945054945056,paired subject-label-swap permutation,combined_holdout,Always-ADHD,Linear SVM (Welch band power),subject,1.0,False
Sensitivity,28,0.1428571428571429,0.0,0.3571428571428571,0.1428571428571429,0.5064935064935064,paired subject-label-swap permutation,combined_holdout,Always-ADHD,Linear SVM (Welch band power),subject,1.0,False
Specificity,28,-0.35714285714285715,-0.5714285714285714,-0.14285714285714285,-0.35714285714285715,0.052947052947052944,paired subject-label-swap permutation,combined_holdout,Always-ADHD,Linear SVM (Welch band power),subject,1.0,False
Precision,28,-0.0714285714285714,-0.1875,0.026315789473684237,-0.0714285714285714,0.12987012987012986,paired subject-label-swap permutation,combined_holdout,Always-ADHD,Linear SVM (Welch band power),subject,1.0,False
F1,28,-0.01904761904761909,-0.13333333333333341,0.11494252873563227,-0.01904761904761909,0.6183816183816184,paired subject-label-swap permutation,combined_holdout,Always-ADHD,Linear SVM (Welch band power),subject,1.0,False
ROC_AUC,28,-0.13265306122448983,-0.3470663265306123,0.08176020408163252,-0.13265306122448983,0.4675324675324675,paired subject-label-swap permutation,combined_holdout,Always-ADHD,Linear SVM (Welch band power),subject,1.0,False
PR_AUC,28,0.40499701552861944,-0.525955346392565,-0.12919533090502802,0.40499701552861944,0.012987012987012988,paired subject-label-swap permutation,combined_holdout,Always-ADHD,Linear SVM (Welch band power),subject,1.0,False
Accuracy,28,-0.1071428571428571,-0.25,0.0357142857142857,-0.1071428571428571,0.4825174825174825,paired subject-label-swap permutation,combined_holdout,Always-ADHD,Logistic Regression (Welch band power),subject,1.0,False
Balanced_Accuracy,28,-0.1071428571428571,-0.25,0.035714285714285754,-0.1071428571428571,0.4825174825174825,paired subject-label-swap permutation,combined_holdout,Always-ADHD,Logistic Regression (Welch band power),subject,1.0,False
Sensitivity,28,0.1428571428571429,0.0,0.3571428571428571,0.1428571428571429,0.5164835164835165,paired subject-label-swap permutation,combined_holdout,Always-ADHD,Logistic Regression (Welch band power),subject,1.0,False
Specificity,28,-0.35714285714285715,-0.5714285714285714,-0.14285714285714285,-0.35714285714285715,0.07292707292707293,paired subject-label-swap permutation,combined_holdout,Always-ADHD,Logistic Regression (Welch band power),subject,1.0,False
Precision,28,-0.0714285714285714,-0.19999999999999996,0.023872180451127788,-0.0714285714285714,0.16183816183816183,paired subject-label-swap permutation,combined_holdout,Always-ADHD,Logistic Regression (Welch band power),subject,1.0,False
F1,28,-0.01904761904761909,-0.13333333333333341,0.10416666666666652,-0.01904761904761909,0.6233766233766234,paired subject-label-swap permutation,combined_holdout,Always-ADHD,Logistic Regression (Welch band power),subject,1.0,False
ROC_AUC,28,-0.14795918367346939,-0.3419642857142857,0.07653061224489793,-0.14795918367346939,0.4745254745254745,paired subject-label-swap permutation,combined_holdout,Always-ADHD,Logistic Regression (Welch band power),subject,1.0,False
PR_AUC,28,0.3811380846044712,-0.5422886052236402,-0.14257765906639233,0.3811380846044712,0.015984015984015984,paired subject-label-swap permutation,combined_holdout,Always-ADHD,Logistic Regression (Welch band power),subject,1.0,False
Accuracy,28,0.0,0.0,0.0,0.0,1.0,paired subject-label-swap permutation,combined_holdout,Always-ADHD,Majority-class Dummy,subject,1.0,False
Balanced_Accuracy,28,0.0,0.0,0.0,0.0,1.0,paired subject-label-swap permutation,combined_holdout,Always-ADHD,Majority-class Dummy,subject,1.0,False
Sensitivity,28,1.0,1.0,1.0,1.0,0.001998001998001998,paired subject-label-swap permutation,combined_holdout,Always-ADHD,Majority-class Dummy,subject,0.5554445554445554,False
Specificity,28,-1.0,-1.0,-1.0,-1.0,0.000999000999000999,paired subject-label-swap permutation,combined_holdout,Always-ADHD,Majority-class Dummy,subject,0.31368631368631367,False
Precision,28,,,,,,paired subject-label-swap permutation,combined_holdout,Always-ADHD,Majority-class Dummy,subject,,False
F1,28,,,,,,paired subject-label-swap permutation,combined_holdout,Always-ADHD,Majority-class Dummy,subject,,False
ROC_AUC,28,0.0,0.0,0.0,0.0,1.0,paired subject-label-swap permutation,combined_holdout,Always-ADHD,Majority-class Dummy,subject,1.0,False
PR_AUC,28,0.0,0.0,0.0,0.0,1.0,paired subject-label-swap permutation,combined_holdout,Always-ADHD,Majority-class Dummy,subject,1.0,False
Accuracy,28,0.0357142857142857,-0.1071428571428571,0.17857142857142855,0.0357142857142857,1.0,paired subject-label-swap permutation,combined_holdout,Always-ADHD,Stratified Dummy,subject,1.0,False
Balanced_Accuracy,28,0.0357142857142857,-0.1071428571428571,0.1785714285714286,0.0357142857142857,1.0,paired subject-label-swap permutation,combined_holdout,Always-ADHD,Stratified Dummy,subject,1.0,False
Sensitivity,28,0.8571428571428572,0.6428571428571428,1.0,0.8571428571428572,0.000999000999000999,paired subject-label-swap permutation,combined_holdout,Always-ADHD,Stratified Dummy,subject,0.31368631368631367,False
Specificity,28,-0.7857142857142857,-1.0,-0.5714285714285714,-0.7857142857142857,0.001998001998001998,paired subject-label-swap permutation,combined_holdout,Always-ADHD,Stratified Dummy,subject,0.5554445554445554,False
Precision,28,0.09999999999999998,-0.5,0.5,0.09999999999999998,0.42357642357642356,paired subject-label-swap permutation,combined_holdout,Always-ADHD,Stratified Dummy,subject,1.0,False
F1,28,0.45614035087719296,0.2121212121212121,0.6666666666666666,0.45614035087719296,0.007992007992007992,paired subject-label-swap permutation,combined_holdout,Always-ADHD,Stratified Dummy,subject,1.0,False
ROC_AUC,28,-0.0714285714285714,-0.29591836734693877,0.163265306122449,-0.0714285714285714,0.7242757242757243,paired subject-label-swap permutation,combined_holdout,Always-ADHD,Stratified Dummy,subject,1.0,False
PR_AUC,28,0.4448317470125107,-0.4576537987921731,-0.09767257245069522,0.4448317470125107,0.001998001998001998,paired subject-label-swap permutation,combined_holdout,Always-ADHD,Stratified Dummy,subject,0.5554445554445554,False
Accuracy,28,-0.1071428571428571,-0.25,0.07142857142857145,-0.1071428571428571,0.6843156843156843,paired subject-label-swap permutation,combined_holdout,Always-Control,Linear SVM (Welch band power),subject,1.0,False
Balanced_Accuracy,28,-0.1071428571428571,-0.25,0.0714285714285714,-0.1071428571428571,0.6843156843156843,paired subject-label-swap permutation,combined_holdout,Always-Control,Linear SVM (Welch band power),subject,1.0,False
Sensitivity,28,-0.8571428571428571,-1.0,-0.6428571428571429,-0.8571428571428571,0.000999000999000999,paired subject-label-swap permutation,combined_holdout,Always-Control,Linear SVM (Welch band power),subject,0.31368631368631367,False
Specificity,28,0.6428571428571428,0.4285714285714286,0.8571428571428572,0.6428571428571428,0.00999000999000999,paired subject-label-swap permutation,combined_holdout,Always-Control,Linear SVM (Welch band power),subject,1.0,False
Precision,28,,,,,,paired subject-label-swap permutation,combined_holdout,Always-Control,Linear SVM (Welch band power),subject,,False
F1,28,,,,,,paired subject-label-swap permutation,combined_holdout,Always-Control,Linear SVM (Welch band power),subject,,False
ROC_AUC,28,-0.13265306122448983,-0.33176020408163265,0.08686224489795906,-0.13265306122448983,0.41058941058941056,paired subject-label-swap permutation,combined_holdout,Always-Control,Linear SVM (Welch band power),subject,1.0,False
PR_AUC,28,0.40499701552861944,-0.5147667831206731,-0.12683656694452053,0.40499701552861944,0.026973026973026972,paired subject-label-swap permutation,combined_holdout,Always-Control,Linear SVM (Welch band power),subject,1.0,False
Accuracy,28,-0.1071428571428571,-0.25,0.0357142857142857,-0.1071428571428571,0.6333666333666333,paired subject-label-swap permutation,combined_holdout,Always-Control,Logistic Regression (Welch band power),subject,1.0,False
Balanced_Accuracy,28,-0.1071428571428571,-0.25,0.035714285714285754,-0.1071428571428571,0.6333666333666333,paired subject-label-swap permutation,combined_holdout,Always-Control,Logistic Regression (Welch band power),subject,1.0,False
Sensitivity,28,-0.8571428571428571,-1.0,-0.6428571428571429,-0.8571428571428571,0.002997002997002997,paired subject-label-swap permutation,combined_holdout,Always-Control,Logistic Regression (Welch band power),subject,0.8151848151848152,False
Specificity,28,0.6428571428571428,0.3571428571428571,0.8571428571428572,0.6428571428571428,0.005994005994005994,paired subject-label-swap permutation,combined_holdout,Always-Control,Logistic Regression (Welch band power),subject,1.0,False
Precision,28,,,,,,paired subject-label-swap permutation,combined_holdout,Always-Control,Logistic Regression (Welch band power),subject,,False
F1,28,,,,,,paired subject-label-swap permutation,combined_holdout,Always-Control,Logistic Regression (Welch band power),subject,,False
ROC_AUC,28,-0.14795918367346939,-0.3521683673469388,0.07653061224489793,-0.14795918367346939,0.4245754245754246,paired subject-label-swap permutation,combined_holdout,Always-Control,Logistic Regression (Welch band power),subject,1.0,False
PR_AUC,28,0.3811380846044712,-0.5400865118863053,-0.14045876848185132,0.3811380846044712,0.04095904095904096,paired subject-label-swap permutation,combined_holdout,Always-Control,Logistic Regression (Welch band power),subject,1.0,False
Accuracy,28,0.0,0.0,0.0,0.0,1.0,paired subject-label-swap permutation,combined_holdout,Always-Control,Majority-class Dummy,subject,1.0,False
Balanced_Accuracy,28,0.0,0.0,0.0,0.0,1.0,paired subject-label-swap permutation,combined_holdout,Always-Control,Majority-class Dummy,subject,1.0,False
Sensitivity,28,0.0,0.0,0.0,0.0,1.0,paired subject-label-swap permutation,combined_holdout,Always-Control,Majority-class Dummy,subject,1.0,False
Specificity,28,0.0,0.0,0.0,0.0,1.0,paired subject-label-swap permutation,combined_holdout,Always-Control,Majority-class Dummy,subject,1.0,False
Precision,28,,,,,,paired subject-label-swap permutation,combined_holdout,Always-Control,Majority-class Dummy,subject,,False
F1,28,,,,,,paired subject-label-swap permutation,combined_holdout,Always-Control,Majority-class Dummy,subject,,False
ROC_AUC,28,0.0,0.0,0.0,0.0,1.0,paired subject-label-swap permutation,combined_holdout,Always-Control,Majority-class Dummy,subject,1.0,False
PR_AUC,28,0.0,0.0,0.0,0.0,1.0,paired subject-label-swap permutation,combined_holdout,Always-Control,Majority-class Dummy,subject,1.0,False
Accuracy,28,0.0357142857142857,-0.1071428571428571,0.17857142857142855,0.0357142857142857,1.0,paired subject-label-swap permutation,combined_holdout,Always-Control,Stratified Dummy,subject,1.0,False
Balanced_Accuracy,28,0.0357142857142857,-0.1071428571428571,0.1785714285714286,0.0357142857142857,1.0,paired subject-label-swap permutation,combined_holdout,Always-Control,Stratified Dummy,subject,1.0,False
Sensitivity,28,-0.14285714285714285,-0.35714285714285715,0.0,-0.14285714285714285,0.5144855144855145,paired subject-label-swap permutation,combined_holdout,Always-Control,Stratified Dummy,subject,1.0,False
Specificity,28,0.2142857142857143,0.0,0.4285714285714286,0.2142857142857143,0.2647352647352647,paired subject-label-swap permutation,combined_holdout,Always-Control,Stratified Dummy,subject,1.0,False
Precision,28,,,,,,paired subject-label-swap permutation,combined_holdout,Always-Control,Stratified Dummy,subject,,False
F1,28,,,,,,paired subject-label-swap permutation,combined_holdout,Always-Control,Stratified Dummy,subject,,False
ROC_AUC,28,-0.0714285714285714,-0.2857142857142857,0.15306122448979592,-0.0714285714285714,0.7402597402597403,paired subject-label-swap permutation,combined_holdout,Always-Control,Stratified Dummy,subject,1.0,False
PR_AUC,28,0.4448317470125107,-0.4626445610061496,-0.10240752821845499,0.4448317470125107,0.007992007992007992,paired subject-label-swap permutation,combined_holdout,Always-Control,Stratified Dummy,subject,1.0,False
Accuracy,28,0.0,0.0,0.0,0.0,1.0,paired subject-label-swap permutation,combined_holdout,Linear SVM (Welch band power),Logistic Regression (Welch band power),subject,1.0,False
Balanced_Accuracy,28,0.0,0.0,0.0,0.0,1.0,paired subject-label-swap permutation,combined_holdout,Linear SVM (Welch band power),Logistic Regression (Welch band power),subject,1.0,False
Sensitivity,28,0.0,0.0,0.0,0.0,1.0,paired subject-label-swap permutation,combined_holdout,Linear SVM (Welch band power),Logistic Regression (Welch band power),subject,1.0,False
Specificity,28,0.0,0.0,0.0,0.0,1.0,paired subject-label-swap permutation,combined_holdout,Linear SVM (Welch band power),Logistic Regression (Welch band power),subject,1.0,False
Precision,28,0.0,0.0,0.0,0.0,1.0,paired subject-label-swap permutation,combined_holdout,Linear SVM (Welch band power),Logistic Regression (Welch band power),subject,1.0,False
F1,28,0.0,0.0,0.0,0.0,1.0,paired subject-label-swap permutation,combined_holdout,Linear SVM (Welch band power),Logistic Regression (Welch band power),subject,1.0,False
ROC_AUC,28,-0.015306122448979553,-0.061224489795918324,0.020408163265306145,-0.015306122448979553,0.8781218781218781,paired subject-label-swap permutation,combined_holdout,Linear SVM (Welch band power),Logistic Regression (Welch band power),subject,1.0,False
PR_AUC,28,-0.02385893092414826,-0.08598975097285298,0.011823920273237561,-0.02385893092414826,0.7122877122877123,paired subject-label-swap permutation,combined_holdout,Linear SVM (Welch band power),Logistic Regression (Welch band power),subject,1.0,False
Accuracy,28,0.1071428571428571,-0.0357142857142857,0.25,0.1071428571428571,0.6653346653346653,paired subject-label-swap permutation,combined_holdout,Linear SVM (Welch band power),Majority-class Dummy,subject,1.0,False
Balanced_Accuracy,28,0.1071428571428571,-0.0357142857142857,0.25,0.1071428571428571,0.6653346653346653,paired subject-label-swap permutation,combined_holdout,Linear SVM (Welch band power),Majority-class Dummy,subject,1.0,False
Sensitivity,28,0.8571428571428571,0.6428571428571429,1.0,0.8571428571428571,0.001998001998001998,paired subject-label-swap permutation,combined_holdout,Linear SVM (Welch band power),Majority-class Dummy,subject,0.5554445554445554,False
Specificity,28,-0.6428571428571428,-0.8571428571428572,-0.4285714285714286,-0.6428571428571428,0.006993006993006993,paired subject-label-swap permutation,combined_holdout,Linear SVM (Welch band power),Majority-class Dummy,subject,1.0,False
Precision,28,,,,,,paired subject-label-swap permutation,combined_holdout,Linear SVM (Welch band power),Majority-class Dummy,subject,,False
F1,28,,,,,,paired subject-label-swap permutation,combined_holdout,Linear SVM (Welch band power),Majority-class Dummy,subject,,False
ROC_AUC,28,0.13265306122448983,-0.09693877551020408,0.34183673469387754,0.13265306122448983,0.4155844155844156,paired subject-label-swap permutation,combined_holdout,Linear SVM (Welch band power),Majority-class Dummy,subject,1.0,False
PR_AUC,28,-0.40499701552861944,0.12064546447349479,0.5129652521092377,-0.40499701552861944,0.017982017982017984,paired subject-label-swap permutation,combined_holdout,Linear SVM (Welch band power),Majority-class Dummy,subject,1.0,False
Accuracy,28,0.1428571428571428,-0.0357142857142857,0.3214285714285714,0.1428571428571428,0.45454545454545453,paired subject-label-swap permutation,combined_holdout,Linear SVM (Welch band power),Stratified Dummy,subject,1.0,False
Balanced_Accuracy,28,0.1428571428571428,-0.0357142857142857,0.3214285714285714,0.1428571428571428,0.45454545454545453,paired subject-label-swap permutation,combined_holdout,Linear SVM (Welch band power),Stratified Dummy,subject,1.0,False
Sensitivity,28,0.7142857142857142,0.49999999999999994,0.9285714285714286,0.7142857142857142,0.002997002997002997,paired subject-label-swap permutation,combined_holdout,Linear SVM (Welch band power),Stratified Dummy,subject,0.8151848151848152,False
Specificity,28,-0.42857142857142855,-0.7142857142857142,-0.2142857142857142,-0.42857142857142855,0.028971028971028972,paired subject-label-swap permutation,combined_holdout,Linear SVM (Welch band power),Stratified Dummy,subject,1.0,False
Precision,28,0.17142857142857137,-0.2973684210526315,0.6,0.17142857142857137,0.20279720279720279,paired subject-label-swap permutation,combined_holdout,Linear SVM (Welch band power),Stratified Dummy,subject,1.0,False
F1,28,0.47518796992481205,0.24727387729285266,0.7058823529411764,0.47518796992481205,0.011988011988011988,paired subject-label-swap permutation,combined_holdout,Linear SVM (Welch band power),Stratified Dummy,subject,1.0,False
ROC_AUC,28,0.061224489795918435,-0.2142857142857143,0.3418367346938775,0.061224489795918435,0.6413586413586414,paired subject-label-swap permutation,combined_holdout,Linear SVM (Welch band power),Stratified Dummy,subject,1.0,False
PR_AUC,28,0.03983473148389127,-0.21791694707552636,0.3044792000709702,0.03983473148389127,0.7982017982017982,paired subject-label-swap permutation,combined_holdout,Linear SVM (Welch band power),Stratified Dummy,subject,1.0,False
Accuracy,28,0.1071428571428571,-0.07142857142857145,0.25,0.1071428571428571,0.6573426573426573,paired subject-label-swap permutation,combined_holdout,Logistic Regression (Welch band power),Majority-class Dummy,subject,1.0,False
Balanced_Accuracy,28,0.1071428571428571,-0.0714285714285714,0.25,0.1071428571428571,0.6573426573426573,paired subject-label-swap permutation,combined_holdout,Logistic Regression (Welch band power),Majority-class Dummy,subject,1.0,False
Sensitivity,28,0.8571428571428571,0.6428571428571429,1.0,0.8571428571428571,0.001998001998001998,paired subject-label-swap permutation,combined_holdout,Logistic Regression (Welch band power),Majority-class Dummy,subject,0.5554445554445554,False
Specificity,28,-0.6428571428571428,-0.8571428571428572,-0.4285714285714286,-0.6428571428571428,0.001998001998001998,paired subject-label-swap permutation,combined_holdout,Logistic Regression (Welch band power),Majority-class Dummy,subject,0.5554445554445554,False
Precision,28,,,,,,paired subject-label-swap permutation,combined_holdout,Logistic Regression (Welch band power),Majority-class Dummy,subject,,False
F1,28,,,,,,paired subject-label-swap permutation,combined_holdout,Logistic Regression (Welch band power),Majority-class Dummy,subject,,False
ROC_AUC,28,0.14795918367346939,-0.056122448979591844,0.3419642857142856,0.14795918367346939,0.4595404595404595,paired subject-label-swap permutation,combined_holdout,Logistic Regression (Welch band power),Majority-class Dummy,subject,1.0,False
PR_AUC,28,-0.3811380846044712,0.14800423100151,0.5296309681721639,-0.3811380846044712,0.028971028971028972,paired subject-label-swap permutation,combined_holdout,Logistic Regression (Welch band power),Majority-class Dummy,subject,1.0,False
Accuracy,28,0.1428571428571428,-0.0357142857142857,0.3214285714285714,0.1428571428571428,0.4595404595404595,paired subject-label-swap permutation,combined_holdout,Logistic Regression (Welch band power),Stratified Dummy,subject,1.0,False
Balanced_Accuracy,28,0.1428571428571428,-0.0357142857142857,0.3214285714285714,0.1428571428571428,0.4595404595404595,paired subject-label-swap permutation,combined_holdout,Logistic Regression (Welch band power),Stratified Dummy,subject,1.0,False
Sensitivity,28,0.7142857142857142,0.4285714285714286,0.9285714285714286,0.7142857142857142,0.003996003996003996,paired subject-label-swap permutation,combined_holdout,Logistic Regression (Welch band power),Stratified Dummy,subject,1.0,False
Specificity,28,-0.42857142857142855,-0.7142857142857142,-0.1428571428571429,-0.42857142857142855,0.03996003996003996,paired subject-label-swap permutation,combined_holdout,Logistic Regression (Welch band power),Stratified Dummy,subject,1.0,False
Precision,28,0.17142857142857137,-0.33333333333333337,0.5909090909090909,0.17142857142857137,0.22377622377622378,paired subject-label-swap permutation,combined_holdout,Logistic Regression (Welch band power),Stratified Dummy,subject,1.0,False
F1,28,0.47518796992481205,0.22493983957219257,0.7222222222222223,0.47518796992481205,0.013986013986013986,paired subject-label-swap permutation,combined_holdout,Logistic Regression (Welch band power),Stratified Dummy,subject,1.0,False
ROC_AUC,28,0.07653061224489799,-0.2448979591836734,0.38788265306122444,0.07653061224489799,0.6623376623376623,paired subject-label-swap permutation,combined_holdout,Logistic Regression (Welch band power),Stratified Dummy,subject,1.0,False
PR_AUC,28,0.06369366240803953,-0.218100170652821,0.33451087918318234,0.06369366240803953,0.7462537462537463,paired subject-label-swap permutation,combined_holdout,Logistic Regression (Welch band power),Stratified Dummy,subject,1.0,False
Accuracy,28,0.0357142857142857,-0.1071428571428571,0.17857142857142855,0.0357142857142857,1.0,paired subject-label-swap permutation,combined_holdout,Majority-class Dummy,Stratified Dummy,subject,1.0,False
Balanced_Accuracy,28,0.0357142857142857,-0.1071428571428571,0.17857142857142855,0.0357142857142857,1.0,paired subject-label-swap permutation,combined_holdout,Majority-class Dummy,Stratified Dummy,subject,1.0,False
Sensitivity,28,-0.14285714285714285,-0.35714285714285715,0.0,-0.14285714285714285,0.4945054945054945,paired subject-label-swap permutation,combined_holdout,Majority-class Dummy,Stratified Dummy,subject,1.0,False
Specificity,28,0.2142857142857143,0.0,0.4285714285714286,0.2142857142857143,0.23576423576423577,paired subject-label-swap permutation,combined_holdout,Majority-class Dummy,Stratified Dummy,subject,1.0,False
Precision,28,,,,,,paired subject-label-swap permutation,combined_holdout,Majority-class Dummy,Stratified Dummy,subject,,False
F1,28,,,,,,paired subject-label-swap permutation,combined_holdout,Majority-class Dummy,Stratified Dummy,subject,,False
ROC_AUC,28,-0.0714285714285714,-0.2806122448979592,0.14285714285714285,-0.0714285714285714,0.7452547452547452,paired subject-label-swap permutation,combined_holdout,Majority-class Dummy,Stratified Dummy,subject,1.0,False
PR_AUC,28,0.4448317470125107,-0.4604557080291412,-0.10745079450938068,0.4448317470125107,0.007992007992007992,paired subject-label-swap permutation,combined_holdout,Majority-class Dummy,Stratified Dummy,subject,1.0,False
