Model,Model_Family,Scenario,Evaluation_Level,Feature_Representation,Threshold,Aggregation,Train_Subjects,Val_Subjects,Test_Subjects,Accuracy,Balanced_Accuracy,Sensitivity,Specificity,Precision,F1,ROC_AUC,PR_AUC,TN,FP,FN,TP,Confusion_Matrix
Always-ADHD,Baseline,combined_holdout,Epoch,None (trivial classifier),0.500000,not_applicable,98,11,28,0.682360,0.500000,1.000000,0.000000,0.682360,0.811194,0.500000,0.682360,0,1039,0,2232,"[[0 1039],[0 2232]]"
Always-ADHD,Baseline,combined_holdout,Subject,None (trivial classifier),0.500000,mean,98,11,28,0.500000,0.500000,1.000000,0.000000,0.500000,0.666667,0.500000,0.500000,0,14,0,14,"[[0 14],[0 14]]"
Always-ADHD,Baseline,combined_holdout,Subject_Sensitivity,None (trivial classifier),0.500000,median,98,11,28,0.500000,0.500000,1.000000,0.000000,0.500000,0.666667,0.500000,0.500000,0,14,0,14,"[[0 14],[0 14]]"
Always-Control,Baseline,combined_holdout,Epoch,None (trivial classifier),0.500000,not_applicable,98,11,28,0.317640,0.500000,0.000000,1.000000,0.000000,0.000000,0.500000,0.682360,1039,0,2232,0,"[[1039 0],[2232 0]]"
Always-Control,Baseline,combined_holdout,Subject,None (trivial classifier),0.500000,mean,98,11,28,0.500000,0.500000,0.000000,1.000000,0.000000,0.000000,0.500000,0.500000,14,0,14,0,"[[14 0],[14 0]]"
Always-Control,Baseline,combined_holdout,Subject_Sensitivity,None (trivial classifier),0.500000,median,98,11,28,0.500000,0.500000,0.000000,1.000000,0.000000,0.000000,0.500000,0.500000,14,0,14,0,"[[14 0],[14 0]]"
Majority-class Dummy,Baseline,combined_holdout,Epoch,None (trivial classifier),0.500000,not_applicable,98,11,28,0.317640,0.500000,0.000000,1.000000,0.000000,0.000000,0.500000,0.682360,1039,0,2232,0,"[[1039 0],[2232 0]]"
Majority-class Dummy,Baseline,combined_holdout,Subject,None (trivial classifier),0.500000,mean,98,11,28,0.500000,0.500000,0.000000,1.000000,0.000000,0.000000,0.500000,0.500000,14,0,14,0,"[[14 0],[14 0]]"
Majority-class Dummy,Baseline,combined_holdout,Subject_Sensitivity,None (trivial classifier),0.500000,median,98,11,28,0.500000,0.500000,0.000000,1.000000,0.000000,0.000000,0.500000,0.500000,14,0,14,0,"[[14 0],[14 0]]"
Stratified Dummy,Baseline,combined_holdout,Epoch,None (trivial classifier),0.500000,not_applicable,98,11,28,0.477224,0.505303,0.428315,0.582291,0.687770,0.527885,0.505303,0.684677,605,434,1276,956,"[[605 434],[1276 956]]"
Stratified Dummy,Baseline,combined_holdout,Subject,None (trivial classifier),0.500000,mean,98,11,28,0.464286,0.464286,0.142857,0.785714,0.400000,0.210526,0.571429,0.555168,11,3,12,2,"[[11 3],[12 2]]"
Stratified Dummy,Baseline,combined_holdout,Subject_Sensitivity,None (trivial classifier),0.500000,median,98,11,28,0.464286,0.464286,0.142857,0.785714,0.400000,0.210526,0.464286,0.485714,11,3,12,2,"[[11 3],[12 2]]"
Logistic Regression (Welch band power),Baseline,combined_holdout,Epoch,95 log Welch band-power features (5 bands x 19 channels),0.500000,not_applicable,98,11,28,0.547845,0.579171,0.493280,0.665063,0.759834,0.598207,0.528909,0.712226,691,348,1131,1101,"[[691 348],[1131 1101]]"
Logistic Regression (Welch band power),Baseline,combined_holdout,Subject,95 log Welch band-power features (5 bands x 19 channels),0.500000,mean,98,11,28,0.607143,0.607143,0.857143,0.357143,0.571429,0.685714,0.647959,0.618862,5,9,2,12,"[[5 9],[2 12]]"
Logistic Regression (Welch band power),Baseline,combined_holdout,Subject_Sensitivity,95 log Welch band-power features (5 bands x 19 channels),0.500000,median,98,11,28,0.607143,0.607143,0.857143,0.357143,0.571429,0.685714,0.607143,0.563293,5,9,2,12,"[[5 9],[2 12]]"
Linear SVM (Welch band power),Baseline,combined_holdout,Epoch,95 log Welch band-power features (5 bands x 19 channels),0.000000,not_applicable,98,11,28,0.550596,0.585045,0.490591,0.679500,0.766807,0.598361,0.536833,0.716079,706,333,1137,1095,"[[706 333],[1137 1095]]"
Linear SVM (Welch band power),Baseline,combined_holdout,Subject,95 log Welch band-power features (5 bands x 19 channels),0.000000,mean,98,11,28,0.607143,0.607143,0.857143,0.357143,0.571429,0.685714,0.632653,0.595003,5,9,2,12,"[[5 9],[2 12]]"
Linear SVM (Welch band power),Baseline,combined_holdout,Subject_Sensitivity,95 log Welch band-power features (5 bands x 19 channels),0.000000,median,98,11,28,0.607143,0.607143,0.857143,0.357143,0.571429,0.685714,0.617347,0.571448,5,9,2,12,"[[5 9],[2 12]]"
Always-ADHD,Baseline,child_to_adult,Epoch,None (trivial classifier),0.500000,not_applicable,108,13,16,0.497734,0.500000,1.000000,0.000000,0.497734,0.664650,0.500000,0.497734,0,4988,0,4943,"[[0 4988],[0 4943]]"
Always-ADHD,Baseline,child_to_adult,Subject,None (trivial classifier),0.500000,mean,108,13,16,0.500000,0.500000,1.000000,0.000000,0.500000,0.666667,0.500000,0.500000,0,8,0,8,"[[0 8],[0 8]]"
Always-ADHD,Baseline,child_to_adult,Subject_Sensitivity,None (trivial classifier),0.500000,median,108,13,16,0.500000,0.500000,1.000000,0.000000,0.500000,0.666667,0.500000,0.500000,0,8,0,8,"[[0 8],[0 8]]"
Always-Control,Baseline,child_to_adult,Epoch,None (trivial classifier),0.500000,not_applicable,108,13,16,0.502266,0.500000,0.000000,1.000000,0.000000,0.000000,0.500000,0.497734,4988,0,4943,0,"[[4988 0],[4943 0]]"
Always-Control,Baseline,child_to_adult,Subject,None (trivial classifier),0.500000,mean,108,13,16,0.500000,0.500000,0.000000,1.000000,0.000000,0.000000,0.500000,0.500000,8,0,8,0,"[[8 0],[8 0]]"
Always-Control,Baseline,child_to_adult,Subject_Sensitivity,None (trivial classifier),0.500000,median,108,13,16,0.500000,0.500000,0.000000,1.000000,0.000000,0.000000,0.500000,0.500000,8,0,8,0,"[[8 0],[8 0]]"
Majority-class Dummy,Baseline,child_to_adult,Epoch,None (trivial classifier),0.500000,not_applicable,108,13,16,0.497734,0.500000,1.000000,0.000000,0.497734,0.664650,0.500000,0.497734,0,4988,0,4943,"[[0 4988],[0 4943]]"
Majority-class Dummy,Baseline,child_to_adult,Subject,None (trivial classifier),0.500000,mean,108,13,16,0.500000,0.500000,1.000000,0.000000,0.500000,0.666667,0.500000,0.500000,0,8,0,8,"[[0 8],[0 8]]"
Majority-class Dummy,Baseline,child_to_adult,Subject_Sensitivity,None (trivial classifier),0.500000,median,108,13,16,0.500000,0.500000,1.000000,0.000000,0.500000,0.666667,0.500000,0.500000,0,8,0,8,"[[0 8],[0 8]]"
Stratified Dummy,Baseline,child_to_adult,Epoch,None (trivial classifier),0.500000,not_applicable,108,13,16,0.489981,0.490247,0.549059,0.431435,0.489009,0.517297,0.490247,0.492944,2152,2836,2229,2714,"[[2152 2836],[2229 2714]]"
Stratified Dummy,Baseline,child_to_adult,Subject,None (trivial classifier),0.500000,mean,108,13,16,0.500000,0.500000,1.000000,0.000000,0.500000,0.666667,0.093750,0.364906,0,8,0,8,"[[0 8],[0 8]]"
Stratified Dummy,Baseline,child_to_adult,Subject_Sensitivity,None (trivial classifier),0.500000,median,108,13,16,0.500000,0.500000,1.000000,0.000000,0.500000,0.666667,0.500000,0.500000,0,8,0,8,"[[0 8],[0 8]]"
Logistic Regression (Welch band power),Baseline,child_to_adult,Epoch,95 log Welch band-power features (5 bands x 19 channels),0.500000,not_applicable,108,13,16,0.522304,0.520846,0.199069,0.842622,0.556246,0.293206,0.534722,0.522107,4203,785,3959,984,"[[4203 785],[3959 984]]"
Logistic Regression (Welch band power),Baseline,child_to_adult,Subject,95 log Welch band-power features (5 bands x 19 channels),0.500000,mean,108,13,16,0.500000,0.500000,0.125000,0.875000,0.500000,0.200000,0.515625,0.560470,7,1,7,1,"[[7 1],[7 1]]"
Logistic Regression (Welch band power),Baseline,child_to_adult,Subject_Sensitivity,95 log Welch band-power features (5 bands x 19 channels),0.500000,median,108,13,16,0.437500,0.437500,0.000000,0.875000,0.000000,0.000000,0.531250,0.563141,7,1,8,0,"[[7 1],[8 0]]"
Linear SVM (Welch band power),Baseline,child_to_adult,Epoch,95 log Welch band-power features (5 bands x 19 channels),0.000000,not_applicable,108,13,16,0.521096,0.519572,0.183290,0.855854,0.557538,0.275883,0.538329,0.523819,4269,719,4037,906,"[[4269 719],[4037 906]]"
Linear SVM (Welch band power),Baseline,child_to_adult,Subject,95 log Welch band-power features (5 bands x 19 channels),0.000000,mean,108,13,16,0.437500,0.437500,0.000000,0.875000,0.000000,0.000000,0.531250,0.563141,7,1,8,0,"[[7 1],[8 0]]"
Linear SVM (Welch band power),Baseline,child_to_adult,Subject_Sensitivity,95 log Welch band-power features (5 bands x 19 channels),0.000000,median,108,13,16,0.437500,0.437500,0.000000,0.875000,0.000000,0.000000,0.546875,0.581891,7,1,8,0,"[[7 1],[8 0]]"
Always-ADHD,Baseline,adult_to_child,Epoch,None (trivial classifier),0.500000,not_applicable,14,2,121,0.559970,0.500000,1.000000,0.000000,0.559970,0.717924,0.500000,0.559970,0,1783,0,2269,"[[0 1783],[0 2269]]"
Always-ADHD,Baseline,adult_to_child,Subject,None (trivial classifier),0.500000,mean,14,2,121,0.504132,0.500000,1.000000,0.000000,0.504132,0.670330,0.500000,0.504132,0,60,0,61,"[[0 60],[0 61]]"
Always-ADHD,Baseline,adult_to_child,Subject_Sensitivity,None (trivial classifier),0.500000,median,14,2,121,0.504132,0.500000,1.000000,0.000000,0.504132,0.670330,0.500000,0.504132,0,60,0,61,"[[0 60],[0 61]]"
Always-Control,Baseline,adult_to_child,Epoch,None (trivial classifier),0.500000,not_applicable,14,2,121,0.440030,0.500000,0.000000,1.000000,0.000000,0.000000,0.500000,0.559970,1783,0,2269,0,"[[1783 0],[2269 0]]"
Always-Control,Baseline,adult_to_child,Subject,None (trivial classifier),0.500000,mean,14,2,121,0.495868,0.500000,0.000000,1.000000,0.000000,0.000000,0.500000,0.504132,60,0,61,0,"[[60 0],[61 0]]"
Always-Control,Baseline,adult_to_child,Subject_Sensitivity,None (trivial classifier),0.500000,median,14,2,121,0.495868,0.500000,0.000000,1.000000,0.000000,0.000000,0.500000,0.504132,60,0,61,0,"[[60 0],[61 0]]"
Majority-class Dummy,Baseline,adult_to_child,Epoch,None (trivial classifier),0.500000,not_applicable,14,2,121,0.440030,0.500000,0.000000,1.000000,0.000000,0.000000,0.500000,0.559970,1783,0,2269,0,"[[1783 0],[2269 0]]"
Majority-class Dummy,Baseline,adult_to_child,Subject,None (trivial classifier),0.500000,mean,14,2,121,0.495868,0.500000,0.000000,1.000000,0.000000,0.000000,0.500000,0.504132,60,0,61,0,"[[60 0],[61 0]]"
Majority-class Dummy,Baseline,adult_to_child,Subject_Sensitivity,None (trivial classifier),0.500000,median,14,2,121,0.495868,0.500000,0.000000,1.000000,0.000000,0.000000,0.500000,0.504132,60,0,61,0,"[[60 0],[61 0]]"
Stratified Dummy,Baseline,adult_to_child,Epoch,None (trivial classifier),0.500000,not_applicable,14,2,121,0.511599,0.511949,0.509035,0.514863,0.571782,0.538587,0.511949,0.565983,918,865,1114,1155,"[[918 865],[1114 1155]]"
Stratified Dummy,Baseline,adult_to_child,Subject,None (trivial classifier),0.500000,mean,14,2,121,0.578512,0.578689,0.557377,0.600000,0.586207,0.571429,0.561885,0.546550,36,24,27,34,"[[36 24],[27 34]]"
Stratified Dummy,Baseline,adult_to_child,Subject_Sensitivity,None (trivial classifier),0.500000,median,14,2,121,0.578512,0.578689,0.557377,0.600000,0.586207,0.571429,0.545902,0.515961,36,24,27,34,"[[36 24],[27 34]]"
Logistic Regression (Welch band power),Baseline,adult_to_child,Epoch,95 log Welch band-power features (5 bands x 19 channels),0.500000,not_applicable,14,2,121,0.569348,0.582974,0.469370,0.696579,0.663138,0.549677,0.656240,0.673832,1242,541,1204,1065,"[[1242 541],[1204 1065]]"
Logistic Regression (Welch band power),Baseline,adult_to_child,Subject,95 log Welch band-power features (5 bands x 19 channels),0.500000,mean,14,2,121,0.603306,0.604508,0.459016,0.750000,0.651163,0.538462,0.692623,0.666123,45,15,33,28,"[[45 15],[33 28]]"
Logistic Regression (Welch band power),Baseline,adult_to_child,Subject_Sensitivity,95 log Welch band-power features (5 bands x 19 channels),0.500000,median,14,2,121,0.595041,0.596038,0.475410,0.716667,0.630435,0.542056,0.674044,0.662886,43,17,32,29,"[[43 17],[32 29]]"
Linear SVM (Welch band power),Baseline,adult_to_child,Epoch,95 log Welch band-power features (5 bands x 19 channels),0.000000,not_applicable,14,2,121,0.569842,0.583715,0.468048,0.699383,0.664581,0.549263,0.653817,0.672071,1247,536,1207,1062,"[[1247 536],[1207 1062]]"
Linear SVM (Welch band power),Baseline,adult_to_child,Subject,95 log Welch band-power features (5 bands x 19 channels),0.000000,mean,14,2,121,0.578512,0.579781,0.426230,0.733333,0.619048,0.504854,0.687158,0.673964,44,16,35,26,"[[44 16],[35 26]]"
Linear SVM (Welch band power),Baseline,adult_to_child,Subject_Sensitivity,95 log Welch band-power features (5 bands x 19 channels),0.000000,median,14,2,121,0.586777,0.587842,0.459016,0.716667,0.622222,0.528302,0.674590,0.664969,43,17,33,28,"[[43 17],[33 28]]"
