Model,Model_Family,Scenario,Evaluation_Level,Feature_Representation,Threshold,Aggregation,Train_Subjects,Val_Subjects,Test_Subjects,Accuracy,Balanced_Accuracy,Sensitivity,Specificity,Precision,F1,ROC_AUC,PR_AUC,TN,FP,FN,TP,Confusion_Matrix,Source_Artifact,Notes
Always-ADHD,Baseline,combined_holdout,Epoch,None (trivial classifier),0.500000,not_applicable,98.000000,11.000000,28.000000,0.682360,0.500000,1.000000,0.000000,0.682360,0.811194,0.500000,0.682360,0.000000,1039.000000,0.000000,2232.000000,"[[0 1039],[0 2232]]",,
Always-ADHD,Baseline,combined_holdout,Subject,None (trivial classifier),0.500000,mean,98.000000,11.000000,28.000000,0.500000,0.500000,1.000000,0.000000,0.500000,0.666667,0.500000,0.500000,0.000000,14.000000,0.000000,14.000000,"[[0 14],[0 14]]",,
Always-ADHD,Baseline,combined_holdout,Subject_Sensitivity,None (trivial classifier),0.500000,median,98.000000,11.000000,28.000000,0.500000,0.500000,1.000000,0.000000,0.500000,0.666667,0.500000,0.500000,0.000000,14.000000,0.000000,14.000000,"[[0 14],[0 14]]",,
Always-Control,Baseline,combined_holdout,Epoch,None (trivial classifier),0.500000,not_applicable,98.000000,11.000000,28.000000,0.317640,0.500000,0.000000,1.000000,0.000000,0.000000,0.500000,0.682360,1039.000000,0.000000,2232.000000,0.000000,"[[1039 0],[2232 0]]",,
Always-Control,Baseline,combined_holdout,Subject,None (trivial classifier),0.500000,mean,98.000000,11.000000,28.000000,0.500000,0.500000,0.000000,1.000000,0.000000,0.000000,0.500000,0.500000,14.000000,0.000000,14.000000,0.000000,"[[14 0],[14 0]]",,
Always-Control,Baseline,combined_holdout,Subject_Sensitivity,None (trivial classifier),0.500000,median,98.000000,11.000000,28.000000,0.500000,0.500000,0.000000,1.000000,0.000000,0.000000,0.500000,0.500000,14.000000,0.000000,14.000000,0.000000,"[[14 0],[14 0]]",,
Majority-class Dummy,Baseline,combined_holdout,Epoch,None (trivial classifier),0.500000,not_applicable,98.000000,11.000000,28.000000,0.317640,0.500000,0.000000,1.000000,0.000000,0.000000,0.500000,0.682360,1039.000000,0.000000,2232.000000,0.000000,"[[1039 0],[2232 0]]",,
Majority-class Dummy,Baseline,combined_holdout,Subject,None (trivial classifier),0.500000,mean,98.000000,11.000000,28.000000,0.500000,0.500000,0.000000,1.000000,0.000000,0.000000,0.500000,0.500000,14.000000,0.000000,14.000000,0.000000,"[[14 0],[14 0]]",,
Majority-class Dummy,Baseline,combined_holdout,Subject_Sensitivity,None (trivial classifier),0.500000,median,98.000000,11.000000,28.000000,0.500000,0.500000,0.000000,1.000000,0.000000,0.000000,0.500000,0.500000,14.000000,0.000000,14.000000,0.000000,"[[14 0],[14 0]]",,
Stratified Dummy,Baseline,combined_holdout,Epoch,None (trivial classifier),0.500000,not_applicable,98.000000,11.000000,28.000000,0.477224,0.505303,0.428315,0.582291,0.687770,0.527885,0.505303,0.684677,605.000000,434.000000,1276.000000,956.000000,"[[605 434],[1276 956]]",,
Stratified Dummy,Baseline,combined_holdout,Subject,None (trivial classifier),0.500000,mean,98.000000,11.000000,28.000000,0.464286,0.464286,0.142857,0.785714,0.400000,0.210526,0.571429,0.555168,11.000000,3.000000,12.000000,2.000000,"[[11 3],[12 2]]",,
Stratified Dummy,Baseline,combined_holdout,Subject_Sensitivity,None (trivial classifier),0.500000,median,98.000000,11.000000,28.000000,0.464286,0.464286,0.142857,0.785714,0.400000,0.210526,0.464286,0.485714,11.000000,3.000000,12.000000,2.000000,"[[11 3],[12 2]]",,
Logistic Regression (Welch band power),Baseline,combined_holdout,Epoch,95 log Welch band-power features (5 bands x 19 channels),0.500000,not_applicable,98.000000,11.000000,28.000000,0.547845,0.579171,0.493280,0.665063,0.759834,0.598207,0.528909,0.712226,691.000000,348.000000,1131.000000,1101.000000,"[[691 348],[1131 1101]]",,
Logistic Regression (Welch band power),Baseline,combined_holdout,Subject,95 log Welch band-power features (5 bands x 19 channels),0.500000,mean,98.000000,11.000000,28.000000,0.607143,0.607143,0.857143,0.357143,0.571429,0.685714,0.647959,0.618862,5.000000,9.000000,2.000000,12.000000,"[[5 9],[2 12]]",,
Logistic Regression (Welch band power),Baseline,combined_holdout,Subject_Sensitivity,95 log Welch band-power features (5 bands x 19 channels),0.500000,median,98.000000,11.000000,28.000000,0.607143,0.607143,0.857143,0.357143,0.571429,0.685714,0.607143,0.563293,5.000000,9.000000,2.000000,12.000000,"[[5 9],[2 12]]",,
Linear SVM (Welch band power),Baseline,combined_holdout,Epoch,95 log Welch band-power features (5 bands x 19 channels),0.000000,not_applicable,98.000000,11.000000,28.000000,0.550596,0.585045,0.490591,0.679500,0.766807,0.598361,0.536833,0.716079,706.000000,333.000000,1137.000000,1095.000000,"[[706 333],[1137 1095]]",,
Linear SVM (Welch band power),Baseline,combined_holdout,Subject,95 log Welch band-power features (5 bands x 19 channels),0.000000,mean,98.000000,11.000000,28.000000,0.607143,0.607143,0.857143,0.357143,0.571429,0.685714,0.632653,0.595003,5.000000,9.000000,2.000000,12.000000,"[[5 9],[2 12]]",,
Linear SVM (Welch band power),Baseline,combined_holdout,Subject_Sensitivity,95 log Welch band-power features (5 bands x 19 channels),0.000000,median,98.000000,11.000000,28.000000,0.607143,0.607143,0.857143,0.357143,0.571429,0.685714,0.617347,0.571448,5.000000,9.000000,2.000000,12.000000,"[[5 9],[2 12]]",,
Always-ADHD,Baseline,child_to_adult,Epoch,None (trivial classifier),0.500000,not_applicable,108.000000,13.000000,16.000000,0.497734,0.500000,1.000000,0.000000,0.497734,0.664650,0.500000,0.497734,0.000000,4988.000000,0.000000,4943.000000,"[[0 4988],[0 4943]]",,
Always-ADHD,Baseline,child_to_adult,Subject,None (trivial classifier),0.500000,mean,108.000000,13.000000,16.000000,0.500000,0.500000,1.000000,0.000000,0.500000,0.666667,0.500000,0.500000,0.000000,8.000000,0.000000,8.000000,"[[0 8],[0 8]]",,
Always-ADHD,Baseline,child_to_adult,Subject_Sensitivity,None (trivial classifier),0.500000,median,108.000000,13.000000,16.000000,0.500000,0.500000,1.000000,0.000000,0.500000,0.666667,0.500000,0.500000,0.000000,8.000000,0.000000,8.000000,"[[0 8],[0 8]]",,
Always-Control,Baseline,child_to_adult,Epoch,None (trivial classifier),0.500000,not_applicable,108.000000,13.000000,16.000000,0.502266,0.500000,0.000000,1.000000,0.000000,0.000000,0.500000,0.497734,4988.000000,0.000000,4943.000000,0.000000,"[[4988 0],[4943 0]]",,
Always-Control,Baseline,child_to_adult,Subject,None (trivial classifier),0.500000,mean,108.000000,13.000000,16.000000,0.500000,0.500000,0.000000,1.000000,0.000000,0.000000,0.500000,0.500000,8.000000,0.000000,8.000000,0.000000,"[[8 0],[8 0]]",,
Always-Control,Baseline,child_to_adult,Subject_Sensitivity,None (trivial classifier),0.500000,median,108.000000,13.000000,16.000000,0.500000,0.500000,0.000000,1.000000,0.000000,0.000000,0.500000,0.500000,8.000000,0.000000,8.000000,0.000000,"[[8 0],[8 0]]",,
Majority-class Dummy,Baseline,child_to_adult,Epoch,None (trivial classifier),0.500000,not_applicable,108.000000,13.000000,16.000000,0.497734,0.500000,1.000000,0.000000,0.497734,0.664650,0.500000,0.497734,0.000000,4988.000000,0.000000,4943.000000,"[[0 4988],[0 4943]]",,
Majority-class Dummy,Baseline,child_to_adult,Subject,None (trivial classifier),0.500000,mean,108.000000,13.000000,16.000000,0.500000,0.500000,1.000000,0.000000,0.500000,0.666667,0.500000,0.500000,0.000000,8.000000,0.000000,8.000000,"[[0 8],[0 8]]",,
Majority-class Dummy,Baseline,child_to_adult,Subject_Sensitivity,None (trivial classifier),0.500000,median,108.000000,13.000000,16.000000,0.500000,0.500000,1.000000,0.000000,0.500000,0.666667,0.500000,0.500000,0.000000,8.000000,0.000000,8.000000,"[[0 8],[0 8]]",,
Stratified Dummy,Baseline,child_to_adult,Epoch,None (trivial classifier),0.500000,not_applicable,108.000000,13.000000,16.000000,0.489981,0.490247,0.549059,0.431435,0.489009,0.517297,0.490247,0.492944,2152.000000,2836.000000,2229.000000,2714.000000,"[[2152 2836],[2229 2714]]",,
Stratified Dummy,Baseline,child_to_adult,Subject,None (trivial classifier),0.500000,mean,108.000000,13.000000,16.000000,0.500000,0.500000,1.000000,0.000000,0.500000,0.666667,0.093750,0.364906,0.000000,8.000000,0.000000,8.000000,"[[0 8],[0 8]]",,
Stratified Dummy,Baseline,child_to_adult,Subject_Sensitivity,None (trivial classifier),0.500000,median,108.000000,13.000000,16.000000,0.500000,0.500000,1.000000,0.000000,0.500000,0.666667,0.500000,0.500000,0.000000,8.000000,0.000000,8.000000,"[[0 8],[0 8]]",,
Logistic Regression (Welch band power),Baseline,child_to_adult,Epoch,95 log Welch band-power features (5 bands x 19 channels),0.500000,not_applicable,108.000000,13.000000,16.000000,0.522304,0.520846,0.199069,0.842622,0.556246,0.293206,0.534722,0.522107,4203.000000,785.000000,3959.000000,984.000000,"[[4203 785],[3959 984]]",,
Logistic Regression (Welch band power),Baseline,child_to_adult,Subject,95 log Welch band-power features (5 bands x 19 channels),0.500000,mean,108.000000,13.000000,16.000000,0.500000,0.500000,0.125000,0.875000,0.500000,0.200000,0.515625,0.560470,7.000000,1.000000,7.000000,1.000000,"[[7 1],[7 1]]",,
Logistic Regression (Welch band power),Baseline,child_to_adult,Subject_Sensitivity,95 log Welch band-power features (5 bands x 19 channels),0.500000,median,108.000000,13.000000,16.000000,0.437500,0.437500,0.000000,0.875000,0.000000,0.000000,0.531250,0.563141,7.000000,1.000000,8.000000,0.000000,"[[7 1],[8 0]]",,
Linear SVM (Welch band power),Baseline,child_to_adult,Epoch,95 log Welch band-power features (5 bands x 19 channels),0.000000,not_applicable,108.000000,13.000000,16.000000,0.521096,0.519572,0.183290,0.855854,0.557538,0.275883,0.538329,0.523819,4269.000000,719.000000,4037.000000,906.000000,"[[4269 719],[4037 906]]",,
Linear SVM (Welch band power),Baseline,child_to_adult,Subject,95 log Welch band-power features (5 bands x 19 channels),0.000000,mean,108.000000,13.000000,16.000000,0.437500,0.437500,0.000000,0.875000,0.000000,0.000000,0.531250,0.563141,7.000000,1.000000,8.000000,0.000000,"[[7 1],[8 0]]",,
Linear SVM (Welch band power),Baseline,child_to_adult,Subject_Sensitivity,95 log Welch band-power features (5 bands x 19 channels),0.000000,median,108.000000,13.000000,16.000000,0.437500,0.437500,0.000000,0.875000,0.000000,0.000000,0.546875,0.581891,7.000000,1.000000,8.000000,0.000000,"[[7 1],[8 0]]",,
Always-ADHD,Baseline,adult_to_child,Epoch,None (trivial classifier),0.500000,not_applicable,14.000000,2.000000,121.000000,0.559970,0.500000,1.000000,0.000000,0.559970,0.717924,0.500000,0.559970,0.000000,1783.000000,0.000000,2269.000000,"[[0 1783],[0 2269]]",,
Always-ADHD,Baseline,adult_to_child,Subject,None (trivial classifier),0.500000,mean,14.000000,2.000000,121.000000,0.504132,0.500000,1.000000,0.000000,0.504132,0.670330,0.500000,0.504132,0.000000,60.000000,0.000000,61.000000,"[[0 60],[0 61]]",,
Always-ADHD,Baseline,adult_to_child,Subject_Sensitivity,None (trivial classifier),0.500000,median,14.000000,2.000000,121.000000,0.504132,0.500000,1.000000,0.000000,0.504132,0.670330,0.500000,0.504132,0.000000,60.000000,0.000000,61.000000,"[[0 60],[0 61]]",,
Always-Control,Baseline,adult_to_child,Epoch,None (trivial classifier),0.500000,not_applicable,14.000000,2.000000,121.000000,0.440030,0.500000,0.000000,1.000000,0.000000,0.000000,0.500000,0.559970,1783.000000,0.000000,2269.000000,0.000000,"[[1783 0],[2269 0]]",,
Always-Control,Baseline,adult_to_child,Subject,None (trivial classifier),0.500000,mean,14.000000,2.000000,121.000000,0.495868,0.500000,0.000000,1.000000,0.000000,0.000000,0.500000,0.504132,60.000000,0.000000,61.000000,0.000000,"[[60 0],[61 0]]",,
Always-Control,Baseline,adult_to_child,Subject_Sensitivity,None (trivial classifier),0.500000,median,14.000000,2.000000,121.000000,0.495868,0.500000,0.000000,1.000000,0.000000,0.000000,0.500000,0.504132,60.000000,0.000000,61.000000,0.000000,"[[60 0],[61 0]]",,
Majority-class Dummy,Baseline,adult_to_child,Epoch,None (trivial classifier),0.500000,not_applicable,14.000000,2.000000,121.000000,0.440030,0.500000,0.000000,1.000000,0.000000,0.000000,0.500000,0.559970,1783.000000,0.000000,2269.000000,0.000000,"[[1783 0],[2269 0]]",,
Majority-class Dummy,Baseline,adult_to_child,Subject,None (trivial classifier),0.500000,mean,14.000000,2.000000,121.000000,0.495868,0.500000,0.000000,1.000000,0.000000,0.000000,0.500000,0.504132,60.000000,0.000000,61.000000,0.000000,"[[60 0],[61 0]]",,
Majority-class Dummy,Baseline,adult_to_child,Subject_Sensitivity,None (trivial classifier),0.500000,median,14.000000,2.000000,121.000000,0.495868,0.500000,0.000000,1.000000,0.000000,0.000000,0.500000,0.504132,60.000000,0.000000,61.000000,0.000000,"[[60 0],[61 0]]",,
Stratified Dummy,Baseline,adult_to_child,Epoch,None (trivial classifier),0.500000,not_applicable,14.000000,2.000000,121.000000,0.511599,0.511949,0.509035,0.514863,0.571782,0.538587,0.511949,0.565983,918.000000,865.000000,1114.000000,1155.000000,"[[918 865],[1114 1155]]",,
Stratified Dummy,Baseline,adult_to_child,Subject,None (trivial classifier),0.500000,mean,14.000000,2.000000,121.000000,0.578512,0.578689,0.557377,0.600000,0.586207,0.571429,0.561885,0.546550,36.000000,24.000000,27.000000,34.000000,"[[36 24],[27 34]]",,
Stratified Dummy,Baseline,adult_to_child,Subject_Sensitivity,None (trivial classifier),0.500000,median,14.000000,2.000000,121.000000,0.578512,0.578689,0.557377,0.600000,0.586207,0.571429,0.545902,0.515961,36.000000,24.000000,27.000000,34.000000,"[[36 24],[27 34]]",,
Logistic Regression (Welch band power),Baseline,adult_to_child,Epoch,95 log Welch band-power features (5 bands x 19 channels),0.500000,not_applicable,14.000000,2.000000,121.000000,0.569348,0.582974,0.469370,0.696579,0.663138,0.549677,0.656240,0.673832,1242.000000,541.000000,1204.000000,1065.000000,"[[1242 541],[1204 1065]]",,
Logistic Regression (Welch band power),Baseline,adult_to_child,Subject,95 log Welch band-power features (5 bands x 19 channels),0.500000,mean,14.000000,2.000000,121.000000,0.603306,0.604508,0.459016,0.750000,0.651163,0.538462,0.692623,0.666123,45.000000,15.000000,33.000000,28.000000,"[[45 15],[33 28]]",,
Logistic Regression (Welch band power),Baseline,adult_to_child,Subject_Sensitivity,95 log Welch band-power features (5 bands x 19 channels),0.500000,median,14.000000,2.000000,121.000000,0.595041,0.596038,0.475410,0.716667,0.630435,0.542056,0.674044,0.662886,43.000000,17.000000,32.000000,29.000000,"[[43 17],[32 29]]",,
Linear SVM (Welch band power),Baseline,adult_to_child,Epoch,95 log Welch band-power features (5 bands x 19 channels),0.000000,not_applicable,14.000000,2.000000,121.000000,0.569842,0.583715,0.468048,0.699383,0.664581,0.549263,0.653817,0.672071,1247.000000,536.000000,1207.000000,1062.000000,"[[1247 536],[1207 1062]]",,
Linear SVM (Welch band power),Baseline,adult_to_child,Subject,95 log Welch band-power features (5 bands x 19 channels),0.000000,mean,14.000000,2.000000,121.000000,0.578512,0.579781,0.426230,0.733333,0.619048,0.504854,0.687158,0.673964,44.000000,16.000000,35.000000,26.000000,"[[44 16],[35 26]]",,
Linear SVM (Welch band power),Baseline,adult_to_child,Subject_Sensitivity,95 log Welch band-power features (5 bands x 19 channels),0.000000,median,14.000000,2.000000,121.000000,0.586777,0.587842,0.459016,0.716667,0.622222,0.528302,0.674590,0.664969,43.000000,17.000000,33.000000,28.000000,"[[43 17],[33 28]]",,
Bi-LSTM,Existing neural,adult_to_child,Epoch,Raw EEG epochs,0.500000,,,,,0.434800,,0.037500,,0.445000,0.069100,0.475500,,,,,,,Results\CleanDeepBenchmark\adult_to_child\Bi-LSTM\bilstm_metrics.csv,"Saved neural artifact; PR-AUC and TN/FP/FN/TP unavailable. Confusion_Matrix=[[1677 106],[2184 85]]"
CNN,Existing neural,adult_to_child,Epoch,Raw EEG epochs,0.500000,,,,,0.420000,,0.458800,,0.481300,0.469800,0.382900,,,,,,,Results\CleanDeepBenchmark\adult_to_child\CNN\cnn_metrics.csv,"Saved neural artifact; PR-AUC and TN/FP/FN/TP unavailable. Confusion_Matrix=[[661 1122],[1228 1041]]"
EEGFormer,Existing neural,adult_to_child,Epoch,Raw EEG epochs,0.500000,,,,,0.434100,,0.006600,,0.277800,0.012900,0.451500,,,,,,,Results\CleanDeepBenchmark\adult_to_child\EEGFormer\eegformer_metrics.csv,"Saved neural artifact; PR-AUC and TN/FP/FN/TP unavailable. Confusion_Matrix=[[1744 39],[2254 15]]"
LSTM,Existing neural,adult_to_child,Epoch,Raw EEG epochs,0.500000,,,,,0.551300,,0.903500,,0.561800,0.692800,0.481900,,,,,,,Results\CleanDeepBenchmark\adult_to_child\LSTM\lstm_metrics.csv,"Saved neural artifact; PR-AUC and TN/FP/FN/TP unavailable. Confusion_Matrix=[[184 1599],[219 2050]]"
Bi-LSTM,Existing neural,child_to_adult,Epoch,Raw EEG epochs,0.500000,,,,,0.502900,,0.002400,,0.666700,0.004800,0.554800,,,,,,,Results\CleanDeepBenchmark\child_to_adult\Bi-LSTM\bilstm_metrics.csv,"Saved neural artifact; PR-AUC and TN/FP/FN/TP unavailable. Confusion_Matrix=[[4982 6],[4931 12]]"
CNN,Existing neural,child_to_adult,Epoch,Raw EEG epochs,0.500000,,,,,0.501200,,0.991700,,0.499400,0.664300,0.581400,,,,,,,Results\CleanDeepBenchmark\child_to_adult\CNN\cnn_metrics.csv,"Saved neural artifact; PR-AUC and TN/FP/FN/TP unavailable. Confusion_Matrix=[[75 4913],[41 4902]]"
EEGFormer,Existing neural,child_to_adult,Epoch,Raw EEG epochs,0.500000,,,,,0.497700,,1.000000,,0.497700,0.664600,0.464500,,,,,,,Results\CleanDeepBenchmark\child_to_adult\EEGFormer\eegformer_metrics.csv,"Saved neural artifact; PR-AUC and TN/FP/FN/TP unavailable. Confusion_Matrix=[[0 4988],[0 4943]]"
LSTM,Existing neural,child_to_adult,Epoch,Raw EEG epochs,0.500000,,,,,0.504800,,0.985000,,0.501300,0.664400,0.477600,,,,,,,Results\CleanDeepBenchmark\child_to_adult\LSTM\lstm_metrics.csv,"Saved neural artifact; PR-AUC and TN/FP/FN/TP unavailable. Confusion_Matrix=[[144 4844],[74 4869]]"
Bi-LSTM,Existing neural,combined_holdout,Epoch,Raw EEG epochs,0.500000,,,,,0.484900,,0.425600,,0.702100,0.530000,0.538500,,,,,,,Results\CleanDeepBenchmark\combined_holdout\Bi-LSTM\bilstm_metrics.csv,"Saved neural artifact; PR-AUC and TN/FP/FN/TP unavailable. Confusion_Matrix=[[636 403],[1282 950]]"
CNN,Existing neural,combined_holdout,Epoch,Raw EEG epochs,0.500000,,,,,0.469600,,0.423400,,0.678400,0.521400,0.478000,,,,,,,Results\CleanDeepBenchmark\combined_holdout\CNN\cnn_metrics.csv,"Saved neural artifact; PR-AUC and TN/FP/FN/TP unavailable. Confusion_Matrix=[[591 448],[1287 945]]"
EEGFormer,Existing neural,combined_holdout,Epoch,Raw EEG epochs,0.500000,,,,,0.530700,,0.580600,,0.683900,0.628100,0.478700,,,,,,,Results\CleanDeepBenchmark\combined_holdout\EEGFormer\eegformer_metrics.csv,"Saved neural artifact; PR-AUC and TN/FP/FN/TP unavailable. Confusion_Matrix=[[440 599],[936 1296]]"
LSTM,Existing neural,combined_holdout,Epoch,Raw EEG epochs,0.500000,,,,,0.667400,,0.956500,,0.683000,0.796900,0.578700,,,,,,,Results\CleanDeepBenchmark\combined_holdout\LSTM\lstm_metrics.csv,"Saved neural artifact; PR-AUC and TN/FP/FN/TP unavailable. Confusion_Matrix=[[48 991],[97 2135]]"
