subject_id,label,n_epochs,always_adhd_mean_probability,always_adhd_median_probability,always_adhd_predicted_label,always_control_mean_probability,always_control_median_probability,always_control_predicted_label,linear_svm_welch_band_power_mean_probability,linear_svm_welch_band_power_median_probability,linear_svm_welch_band_power_predicted_label,logistic_regression_welch_band_power_mean_probability,logistic_regression_welch_band_power_median_probability,logistic_regression_welch_band_power_predicted_label,majority_class_dummy_mean_probability,majority_class_dummy_median_probability,majority_class_dummy_predicted_label,stratified_dummy_mean_probability,stratified_dummy_median_probability,stratified_dummy_predicted_label
adult_adhd_1,ADHD,614,1.0,1.0,1,0.0,0.0,0,-0.1070937786035498,-0.1099360682730433,0,0.4401903565472264,0.4214616290199175,0,1.0,1.0,1,0.5407166123778502,1.0,1
adult_adhd_2,ADHD,616,1.0,1.0,1,0.0,0.0,0,-1.0149699675552497,-0.9998195213823462,0,0.1276901581690577,0.0669831215326222,0,1.0,1.0,1,0.5454545454545454,1.0,1
adult_adhd_3,ADHD,627,1.0,1.0,1,0.0,0.0,0,-0.4567084227314135,-0.4593513694273866,0,0.3081612547073573,0.2433922902311327,0,1.0,1.0,1,0.5486443381180224,1.0,1
adult_adhd_4,ADHD,618,1.0,1.0,1,0.0,0.0,0,-0.0683930548510938,-0.0754784531222746,0,0.5012084655072248,0.4968521053758829,1,1.0,1.0,1,0.551779935275081,1.0,1
adult_adhd_5,ADHD,614,1.0,1.0,1,0.0,0.0,0,-0.2539168618280073,-0.2256613712646506,0,0.3813538503496881,0.3606312888352331,0,1.0,1.0,1,0.5439739413680782,1.0,1
adult_adhd_6,ADHD,624,1.0,1.0,1,0.0,0.0,0,-0.9293004381427914,-0.9396164266291328,0,0.164623557097979,0.0866314981309829,0,1.0,1.0,1,0.5448717948717948,1.0,1
adult_adhd_7,ADHD,616,1.0,1.0,1,0.0,0.0,0,-0.9872070647454072,-0.9728049920085112,0,0.1123477849373625,0.062897492937327,0,1.0,1.0,1,0.547077922077922,1.0,1
adult_adhd_8,ADHD,614,1.0,1.0,1,0.0,0.0,0,-1.5300123041970466,-1.5256941363336562,0,0.0368773760783299,0.0186362731335564,0,1.0,1.0,1,0.5700325732899023,1.0,1
adult_control_1,Control,657,1.0,1.0,1,0.0,0.0,0,-0.7888654508045425,-0.793611955720844,0,0.1765444520608854,0.1090757998690326,0,1.0,1.0,1,0.5601217656012176,1.0,1
adult_control_2,Control,620,1.0,1.0,1,0.0,0.0,0,-1.0260710899833545,-1.0618889472338773,0,0.1374017672200877,0.0603556205264561,0,1.0,1.0,1,0.5612903225806452,1.0,1
adult_control_3,Control,620,1.0,1.0,1,0.0,0.0,0,-0.8455091361398543,-0.829523075059084,0,0.144994708842603,0.1037855867466983,0,1.0,1.0,1,0.5532258064516129,1.0,1
adult_control_4,Control,614,1.0,1.0,1,0.0,0.0,0,-0.2497753640223998,-0.2586663190321058,0,0.4158200339498,0.3777754638261598,0,1.0,1.0,1,0.5944625407166124,1.0,1
adult_control_5,Control,627,1.0,1.0,1,0.0,0.0,0,-0.9413493060555392,-0.9588876156503864,0,0.1344103179267594,0.0680857448249502,0,1.0,1.0,1,0.569377990430622,1.0,1
adult_control_6,Control,610,1.0,1.0,1,0.0,0.0,0,0.1900960509123549,0.2106407848068004,1,0.5944673901869905,0.6359016891624509,1,1.0,1.0,1,0.5836065573770491,1.0,1
adult_control_7,Control,620,1.0,1.0,1,0.0,0.0,0,-0.6258672551710499,-0.6358816335882921,0,0.1891064412455962,0.1536002976342766,0,1.0,1.0,1,0.5612903225806452,1.0,1
adult_control_8,Control,620,1.0,1.0,1,0.0,0.0,0,-1.6779132167967334,-1.6648189642581797,0,0.0300751778288274,0.0145671707550202,0,1.0,1.0,1,0.5661290322580645,1.0,1
