subject_id,label,label_binary,age_group,n_samples,sampling_rate_used,n_epochs
adult_adhd_1,ADHD,1,adult,157500,256,614
adult_adhd_2,ADHD,1,adult,158000,256,616
adult_adhd_3,ADHD,1,adult,161000,256,627
adult_adhd_4,ADHD,1,adult,158500,256,618
adult_adhd_5,ADHD,1,adult,157500,256,614
adult_adhd_6,ADHD,1,adult,160000,256,624
adult_adhd_7,ADHD,1,adult,158000,256,616
adult_adhd_8,ADHD,1,adult,157500,256,614
adult_control_1,Control,0,adult,168500,256,657
adult_control_2,Control,0,adult,159000,256,620
adult_control_3,Control,0,adult,159000,256,620
adult_control_4,Control,0,adult,157500,256,614
adult_control_5,Control,0,adult,161000,256,627
adult_control_6,Control,0,adult,156500,256,610
adult_control_7,Control,0,adult,159000,256,620
adult_control_8,Control,0,adult,159000,256,620
child_adhd_1,ADHD,1,child,14304,512,26
child_adhd_10,ADHD,1,child,16574,512,31
child_adhd_11,ADHD,1,child,12100,512,22
child_adhd_12,ADHD,1,child,16385,512,31
child_adhd_13,ADHD,1,child,9894,512,18
child_adhd_14,ADHD,1,child,28880,512,55
child_adhd_15,ADHD,1,child,27612,512,52
child_adhd_16,ADHD,1,child,24193,512,46
child_adhd_17,ADHD,1,child,21663,512,41
child_adhd_18,ADHD,1,child,11679,512,21
child_adhd_19,ADHD,1,child,18049,512,34
child_adhd_2,ADHD,1,child,17604,512,33
child_adhd_20,ADHD,1,child,29217,512,56
child_adhd_21,ADHD,1,child,19555,512,37
child_adhd_22,ADHD,1,child,15305,512,28
child_adhd_23,ADHD,1,child,17401,512,32
child_adhd_24,ADHD,1,child,9286,512,17
child_adhd_25,ADHD,1,child,24695,512,47
child_adhd_26,ADHD,1,child,18177,512,34
child_adhd_27,ADHD,1,child,33570,512,64
child_adhd_28,ADHD,1,child,20097,512,38
child_adhd_29,ADHD,1,child,17561,512,33
child_adhd_3,ADHD,1,child,17562,512,33
child_adhd_30,ADHD,1,child,15776,512,29
child_adhd_31,ADHD,1,child,16697,512,31
child_adhd_32,ADHD,1,child,12673,512,23
child_adhd_33,ADHD,1,child,10668,512,19
child_adhd_34,ADHD,1,child,18591,512,35
child_adhd_35,ADHD,1,child,15465,512,29
child_adhd_36,ADHD,1,child,13395,512,25
child_adhd_37,ADHD,1,child,19621,512,37
child_adhd_38,ADHD,1,child,12739,512,23
child_adhd_39,ADHD,1,child,20456,512,38
child_adhd_4,ADHD,1,child,43252,512,83
child_adhd_40,ADHD,1,child,20173,512,38
child_adhd_41,ADHD,1,child,30273,512,58
child_adhd_42,ADHD,1,child,12353,512,23
child_adhd_43,ADHD,1,child,21372,512,40
child_adhd_44,ADHD,1,child,27157,512,52
child_adhd_45,ADHD,1,child,28080,512,53
child_adhd_46,ADHD,1,child,19713,512,37
child_adhd_47,ADHD,1,child,34191,512,65
child_adhd_48,ADHD,1,child,13502,512,25
child_adhd_49,ADHD,1,child,9852,512,18
child_adhd_5,ADHD,1,child,24241,512,46
child_adhd_50,ADHD,1,child,39030,512,75
child_adhd_51,ADHD,1,child,21307,512,40
child_adhd_52,ADHD,1,child,13853,512,26
child_adhd_53,ADHD,1,child,10477,512,19
child_adhd_54,ADHD,1,child,18657,512,35
child_adhd_55,ADHD,1,child,18389,512,34
child_adhd_56,ADHD,1,child,23681,512,45
child_adhd_57,ADHD,1,child,17323,512,32
child_adhd_58,ADHD,1,child,20134,512,38
child_adhd_59,ADHD,1,child,15383,512,29
child_adhd_6,ADHD,1,child,25003,512,47
child_adhd_60,ADHD,1,child,11465,512,21
child_adhd_61,ADHD,1,child,20115,512,38
child_adhd_7,ADHD,1,child,23063,512,44
child_adhd_8,ADHD,1,child,12258,512,22
child_adhd_9,ADHD,1,child,35328,512,68
child_control_1,Control,0,child,19794,512,37
child_control_10,Control,0,child,19301,512,36
child_control_11,Control,0,child,12500,512,23
child_control_12,Control,0,child,16704,512,31
child_control_13,Control,0,child,12750,512,23
child_control_14,Control,0,child,11393,512,21
child_control_15,Control,0,child,10871,512,20
child_control_16,Control,0,child,9823,512,18
child_control_17,Control,0,child,10864,512,20
child_control_18,Control,0,child,10452,512,19
child_control_19,Control,0,child,16769,512,31
child_control_2,Control,0,child,19026,512,36
child_control_20,Control,0,child,16239,512,30
child_control_21,Control,0,child,7983,512,14
child_control_22,Control,0,child,13883,512,26
child_control_23,Control,0,child,19122,512,36
child_control_24,Control,0,child,19234,512,36
child_control_25,Control,0,child,14282,512,26
child_control_26,Control,0,child,14139,512,26
child_control_27,Control,0,child,14692,512,27
child_control_28,Control,0,child,13918,512,26
child_control_29,Control,0,child,16513,512,31
child_control_3,Control,0,child,16044,512,30
child_control_30,Control,0,child,12929,512,24
child_control_31,Control,0,child,25659,512,49
child_control_32,Control,0,child,12007,512,22
child_control_33,Control,0,child,12033,512,22
child_control_34,Control,0,child,16377,512,30
child_control_35,Control,0,child,14550,512,27
child_control_36,Control,0,child,15378,512,29
child_control_37,Control,0,child,14721,512,27
child_control_38,Control,0,child,11208,512,20
child_control_39,Control,0,child,16686,512,31
child_control_4,Control,0,child,16549,512,31
child_control_40,Control,0,child,15073,512,28
child_control_41,Control,0,child,13359,512,25
child_control_42,Control,0,child,12488,512,23
child_control_43,Control,0,child,17187,512,32
child_control_44,Control,0,child,15607,512,29
child_control_45,Control,0,child,14209,512,26
child_control_46,Control,0,child,17098,512,32
child_control_47,Control,0,child,20914,512,39
child_control_48,Control,0,child,13697,512,25
child_control_49,Control,0,child,17782,512,33
child_control_5,Control,0,child,15310,512,28
child_control_50,Control,0,child,22260,512,42
child_control_51,Control,0,child,25985,512,49
child_control_52,Control,0,child,17841,512,33
child_control_53,Control,0,child,19222,512,36
child_control_54,Control,0,child,13400,512,25
child_control_55,Control,0,child,22273,512,42
child_control_56,Control,0,child,18301,512,34
child_control_57,Control,0,child,22807,512,43
child_control_58,Control,0,child,17025,512,32
child_control_59,Control,0,child,24818,512,47
child_control_6,Control,0,child,15943,512,30
child_control_60,Control,0,child,17793,512,33
child_control_7,Control,0,child,15574,512,29
child_control_8,Control,0,child,13304,512,24
child_control_9,Control,0,child,15651,512,29
