file,type,PASS_FAIL,overlap_subject_ids
baselines\adult_to_child\split_manifest.json,holdout split manifest,PASS,
baselines\child_to_adult\split_manifest.json,holdout split manifest,PASS,
baselines\combined_holdout\split_manifest.json,holdout split manifest,PASS,
cross_validation/fold_assignments.csv,adult/seed=42/fold=1,PASS,
cross_validation/fold_assignments.csv,adult/seed=42/fold=2,PASS,
cross_validation/fold_assignments.csv,adult/seed=42/fold=3,PASS,
cross_validation/fold_assignments.csv,adult/seed=42/fold=4,PASS,
cross_validation/fold_assignments.csv,adult/seed=42/fold=5,PASS,
cross_validation/fold_assignments.csv,adult/seed=27182/fold=1,PASS,
cross_validation/fold_assignments.csv,adult/seed=27182/fold=2,PASS,
cross_validation/fold_assignments.csv,adult/seed=27182/fold=3,PASS,
cross_validation/fold_assignments.csv,adult/seed=27182/fold=4,PASS,
cross_validation/fold_assignments.csv,adult/seed=27182/fold=5,PASS,
cross_validation/fold_assignments.csv,adult/seed=31415/fold=1,PASS,
cross_validation/fold_assignments.csv,adult/seed=31415/fold=2,PASS,
cross_validation/fold_assignments.csv,adult/seed=31415/fold=3,PASS,
cross_validation/fold_assignments.csv,adult/seed=31415/fold=4,PASS,
cross_validation/fold_assignments.csv,adult/seed=31415/fold=5,PASS,
cross_validation/fold_assignments.csv,all/seed=42/fold=1,PASS,
cross_validation/fold_assignments.csv,all/seed=42/fold=2,PASS,
cross_validation/fold_assignments.csv,all/seed=42/fold=3,PASS,
cross_validation/fold_assignments.csv,all/seed=42/fold=4,PASS,
cross_validation/fold_assignments.csv,all/seed=42/fold=5,PASS,
cross_validation/fold_assignments.csv,all/seed=27182/fold=1,PASS,
cross_validation/fold_assignments.csv,all/seed=27182/fold=2,PASS,
cross_validation/fold_assignments.csv,all/seed=27182/fold=3,PASS,
cross_validation/fold_assignments.csv,all/seed=27182/fold=4,PASS,
cross_validation/fold_assignments.csv,all/seed=27182/fold=5,PASS,
cross_validation/fold_assignments.csv,all/seed=31415/fold=1,PASS,
cross_validation/fold_assignments.csv,all/seed=31415/fold=2,PASS,
cross_validation/fold_assignments.csv,all/seed=31415/fold=3,PASS,
cross_validation/fold_assignments.csv,all/seed=31415/fold=4,PASS,
cross_validation/fold_assignments.csv,all/seed=31415/fold=5,PASS,
cross_validation/fold_assignments.csv,child/seed=42/fold=1,PASS,
cross_validation/fold_assignments.csv,child/seed=42/fold=2,PASS,
cross_validation/fold_assignments.csv,child/seed=42/fold=3,PASS,
cross_validation/fold_assignments.csv,child/seed=42/fold=4,PASS,
cross_validation/fold_assignments.csv,child/seed=42/fold=5,PASS,
cross_validation/fold_assignments.csv,child/seed=27182/fold=1,PASS,
cross_validation/fold_assignments.csv,child/seed=27182/fold=2,PASS,
cross_validation/fold_assignments.csv,child/seed=27182/fold=3,PASS,
cross_validation/fold_assignments.csv,child/seed=27182/fold=4,PASS,
cross_validation/fold_assignments.csv,child/seed=27182/fold=5,PASS,
cross_validation/fold_assignments.csv,child/seed=31415/fold=1,PASS,
cross_validation/fold_assignments.csv,child/seed=31415/fold=2,PASS,
cross_validation/fold_assignments.csv,child/seed=31415/fold=3,PASS,
cross_validation/fold_assignments.csv,child/seed=31415/fold=4,PASS,
cross_validation/fold_assignments.csv,child/seed=31415/fold=5,PASS,
