model_name,channel,adhd_minus_control_attribution,permutation_p,fdr_bh_p,statistically_supported_for_difference_map
CNN,Fp1,4.229445282061663e-05,0.2963703629637036,0.7276272372762723,False
CNN,Fp2,9.748960049670008e-05,0.37796220377962203,0.7276272372762723,False
CNN,F3,0.00028813204456431683,0.40955904409559046,0.7276272372762723,False
CNN,F4,-0.00018392728331188314,0.5934406559344065,0.7276272372762723,False
CNN,C3,6.940963794476655e-05,0.5061493850614939,0.7276272372762723,False
CNN,C4,0.00013348919067841661,0.513948605139486,0.7276272372762723,False
CNN,P3,0.0002594496036181333,0.5078492150784921,0.7276272372762723,False
CNN,P4,0.0005354398745112166,0.6127387261273872,0.7276272372762723,False
CNN,O1,0.0002245786599815166,0.5078492150784921,0.7276272372762723,False
CNN,O2,-2.4552558897999934e-05,1.0,1.0,False
CNN,F7,0.00015299918110636668,0.30496950304969506,0.7276272372762723,False
CNN,F8,-0.00012986260602095012,0.5586441355864413,0.7276272372762723,False
CNN,T7,0.00023202237935036663,0.8014198580141986,0.857236498572365,False
CNN,T8,-0.00014813236581783342,0.5226477352264773,0.7276272372762723,False
CNN,P7,0.00018135047866963343,0.5771422857714229,0.7276272372762723,False
CNN,P8,0.00031320119160228345,0.5746425357464253,0.7276272372762723,False
CNN,Fz,0.00026977896535148335,0.37606239376062395,0.7276272372762723,False
CNN,Cz,0.0007387321384158167,0.513948605139486,0.7276272372762723,False
CNN,Pz,1.0702555300616816e-05,0.8121187881211879,0.857236498572365,False
LSTM,Fp1,-1.0808937872752722e-05,0.6633336666333367,1.0,False
LSTM,Fp2,-5.959007637557079e-06,1.0,1.0,False
LSTM,F3,-1.3248759898942808e-05,0.6633336666333367,1.0,False
LSTM,F4,-4.216085153531447e-05,1.0,1.0,False
LSTM,C3,-2.9267701449930017e-05,0.6633336666333367,1.0,False
LSTM,C4,-5.0849561716852584e-05,0.32756724327567244,1.0,False
LSTM,P3,-7.186511595591583e-06,1.0,1.0,False
LSTM,P4,-3.2890746297196315e-05,1.0,1.0,False
LSTM,O1,-6.810346349084284e-06,0.6633336666333367,1.0,False
LSTM,O2,-3.08135908539928e-05,1.0,1.0,False
LSTM,F7,-5.73757665733865e-06,1.0,1.0,False
LSTM,F8,-8.571286343794782e-06,0.6642335766423357,1.0,False
LSTM,T7,-8.709533290129912e-06,0.6633336666333367,1.0,False
LSTM,T8,-5.778444688088813e-06,1.0,1.0,False
LSTM,P7,-5.492527691330906e-06,1.0,1.0,False
LSTM,P8,-2.4972730727768067e-05,0.6642335766423357,1.0,False
LSTM,Fz,-5.2534343524257565e-06,1.0,1.0,False
LSTM,Cz,-4.111478932599909e-05,0.32756724327567244,1.0,False
LSTM,Pz,-1.1041609639050876e-05,1.0,1.0,False
