subject_id,dataset,true_label,number_of_epochs,mean_probability,median_probability,predicted_label,primary_aggregation,primary_threshold
child_adhd_1,child,1,26,0.4230769230769231,0.0,0,mean,0.5
child_adhd_2,child,1,33,0.5151515151515151,1.0,1,mean,0.5
child_adhd_3,child,1,33,0.45454545454545453,0.0,0,mean,0.5
child_adhd_4,child,1,83,0.4819277108433735,0.0,0,mean,0.5
child_adhd_5,child,1,46,0.5869565217391305,1.0,1,mean,0.5
child_adhd_6,child,1,47,0.5957446808510638,1.0,1,mean,0.5
child_adhd_7,child,1,44,0.5454545454545454,1.0,1,mean,0.5
child_adhd_8,child,1,22,0.5,0.5,1,mean,0.5
child_adhd_9,child,1,68,0.5,0.5,1,mean,0.5
child_adhd_10,child,1,31,0.5161290322580645,1.0,1,mean,0.5
child_adhd_11,child,1,22,0.5,0.5,1,mean,0.5
child_adhd_12,child,1,31,0.5806451612903226,1.0,1,mean,0.5
child_adhd_13,child,1,18,0.5,0.5,1,mean,0.5
child_adhd_14,child,1,55,0.6363636363636364,1.0,1,mean,0.5
child_adhd_15,child,1,52,0.3269230769230769,0.0,0,mean,0.5
child_adhd_16,child,1,46,0.43478260869565216,0.0,0,mean,0.5
child_adhd_17,child,1,41,0.43902439024390244,0.0,0,mean,0.5
child_adhd_18,child,1,21,0.42857142857142855,0.0,0,mean,0.5
child_adhd_19,child,1,34,0.5588235294117647,1.0,1,mean,0.5
child_adhd_20,child,1,56,0.6071428571428571,1.0,1,mean,0.5
child_adhd_21,child,1,37,0.40540540540540543,0.0,0,mean,0.5
child_adhd_22,child,1,28,0.39285714285714285,0.0,0,mean,0.5
child_adhd_23,child,1,32,0.375,0.0,0,mean,0.5
child_adhd_24,child,1,17,0.47058823529411764,0.0,0,mean,0.5
child_adhd_25,child,1,47,0.46808510638297873,0.0,0,mean,0.5
child_adhd_26,child,1,34,0.5,0.5,1,mean,0.5
child_adhd_27,child,1,64,0.578125,1.0,1,mean,0.5
child_adhd_28,child,1,38,0.4473684210526316,0.0,0,mean,0.5
child_adhd_29,child,1,33,0.48484848484848486,0.0,0,mean,0.5
child_adhd_30,child,1,29,0.7586206896551724,1.0,1,mean,0.5
child_adhd_31,child,1,31,0.6451612903225806,1.0,1,mean,0.5
child_adhd_32,child,1,23,0.391304347826087,0.0,0,mean,0.5
child_adhd_33,child,1,19,0.42105263157894735,0.0,0,mean,0.5
child_adhd_34,child,1,35,0.42857142857142855,0.0,0,mean,0.5
child_adhd_35,child,1,29,0.4482758620689655,0.0,0,mean,0.5
child_adhd_36,child,1,25,0.56,1.0,1,mean,0.5
child_adhd_37,child,1,37,0.5675675675675675,1.0,1,mean,0.5
child_adhd_38,child,1,23,0.43478260869565216,0.0,0,mean,0.5
child_adhd_39,child,1,38,0.4473684210526316,0.0,0,mean,0.5
child_adhd_40,child,1,38,0.6052631578947368,1.0,1,mean,0.5
child_adhd_41,child,1,58,0.5,0.5,1,mean,0.5
child_adhd_42,child,1,23,0.43478260869565216,0.0,0,mean,0.5
child_adhd_43,child,1,40,0.55,1.0,1,mean,0.5
child_adhd_44,child,1,52,0.5,0.5,1,mean,0.5
child_adhd_45,child,1,53,0.5849056603773585,1.0,1,mean,0.5
child_adhd_46,child,1,37,0.40540540540540543,0.0,0,mean,0.5
child_adhd_47,child,1,65,0.47692307692307695,0.0,0,mean,0.5
child_adhd_48,child,1,25,0.4,0.0,0,mean,0.5
child_adhd_49,child,1,18,0.6666666666666666,1.0,1,mean,0.5
child_adhd_50,child,1,75,0.56,1.0,1,mean,0.5
child_adhd_51,child,1,40,0.5,0.5,1,mean,0.5
child_adhd_52,child,1,26,0.5,0.5,1,mean,0.5
child_adhd_53,child,1,19,0.5263157894736842,1.0,1,mean,0.5
child_adhd_54,child,1,35,0.4,0.0,0,mean,0.5
child_adhd_55,child,1,34,0.5,0.5,1,mean,0.5
child_adhd_56,child,1,45,0.5555555555555556,1.0,1,mean,0.5
child_adhd_57,child,1,32,0.625,1.0,1,mean,0.5
child_adhd_58,child,1,38,0.4473684210526316,0.0,0,mean,0.5
child_adhd_59,child,1,29,0.5517241379310345,1.0,1,mean,0.5
child_adhd_60,child,1,21,0.47619047619047616,0.0,0,mean,0.5
child_adhd_61,child,1,38,0.6578947368421053,1.0,1,mean,0.5
child_control_1,child,0,37,0.3783783783783784,0.0,0,mean,0.5
child_control_2,child,0,36,0.4166666666666667,0.0,0,mean,0.5
child_control_3,child,0,30,0.5333333333333333,1.0,1,mean,0.5
child_control_4,child,0,31,0.45161290322580644,0.0,0,mean,0.5
child_control_5,child,0,28,0.39285714285714285,0.0,0,mean,0.5
child_control_6,child,0,30,0.43333333333333335,0.0,0,mean,0.5
child_control_7,child,0,29,0.5862068965517241,1.0,1,mean,0.5
child_control_8,child,0,24,0.5833333333333334,1.0,1,mean,0.5
child_control_9,child,0,29,0.6206896551724138,1.0,1,mean,0.5
child_control_10,child,0,36,0.3611111111111111,0.0,0,mean,0.5
child_control_11,child,0,23,0.5652173913043478,1.0,1,mean,0.5
child_control_12,child,0,31,0.41935483870967744,0.0,0,mean,0.5
child_control_13,child,0,23,0.43478260869565216,0.0,0,mean,0.5
child_control_14,child,0,21,0.5238095238095238,1.0,1,mean,0.5
child_control_15,child,0,20,0.35,0.0,0,mean,0.5
child_control_16,child,0,18,0.4444444444444444,0.0,0,mean,0.5
child_control_17,child,0,20,0.45,0.0,0,mean,0.5
child_control_18,child,0,19,0.5263157894736842,1.0,1,mean,0.5
child_control_19,child,0,31,0.41935483870967744,0.0,0,mean,0.5
child_control_20,child,0,30,0.6666666666666666,1.0,1,mean,0.5
child_control_21,child,0,14,0.35714285714285715,0.0,0,mean,0.5
child_control_22,child,0,26,0.46153846153846156,0.0,0,mean,0.5
child_control_23,child,0,36,0.4722222222222222,0.0,0,mean,0.5
child_control_24,child,0,36,0.4722222222222222,0.0,0,mean,0.5
child_control_25,child,0,26,0.6923076923076923,1.0,1,mean,0.5
child_control_26,child,0,26,0.5769230769230769,1.0,1,mean,0.5
child_control_27,child,0,27,0.6296296296296297,1.0,1,mean,0.5
child_control_28,child,0,26,0.4230769230769231,0.0,0,mean,0.5
child_control_29,child,0,31,0.3548387096774194,0.0,0,mean,0.5
child_control_30,child,0,24,0.625,1.0,1,mean,0.5
child_control_31,child,0,49,0.4897959183673469,0.0,0,mean,0.5
child_control_32,child,0,22,0.5909090909090909,1.0,1,mean,0.5
child_control_33,child,0,22,0.4090909090909091,0.0,0,mean,0.5
child_control_34,child,0,30,0.5666666666666667,1.0,1,mean,0.5
child_control_35,child,0,27,0.2962962962962963,0.0,0,mean,0.5
child_control_36,child,0,29,0.4827586206896552,0.0,0,mean,0.5
child_control_37,child,0,27,0.5185185185185185,1.0,1,mean,0.5
child_control_38,child,0,20,0.45,0.0,0,mean,0.5
child_control_39,child,0,31,0.7096774193548387,1.0,1,mean,0.5
child_control_40,child,0,28,0.42857142857142855,0.0,0,mean,0.5
child_control_41,child,0,25,0.52,1.0,1,mean,0.5
child_control_42,child,0,23,0.43478260869565216,0.0,0,mean,0.5
child_control_43,child,0,32,0.75,1.0,1,mean,0.5
child_control_44,child,0,29,0.5862068965517241,1.0,1,mean,0.5
child_control_45,child,0,26,0.6153846153846154,1.0,1,mean,0.5
child_control_46,child,0,32,0.3125,0.0,0,mean,0.5
child_control_47,child,0,39,0.4358974358974359,0.0,0,mean,0.5
child_control_48,child,0,25,0.44,0.0,0,mean,0.5
child_control_49,child,0,33,0.42424242424242425,0.0,0,mean,0.5
child_control_50,child,0,42,0.35714285714285715,0.0,0,mean,0.5
child_control_51,child,0,49,0.5306122448979592,1.0,1,mean,0.5
child_control_52,child,0,33,0.45454545454545453,0.0,0,mean,0.5
child_control_53,child,0,36,0.5277777777777778,1.0,1,mean,0.5
child_control_54,child,0,25,0.44,0.0,0,mean,0.5
child_control_55,child,0,42,0.4523809523809524,0.0,0,mean,0.5
child_control_56,child,0,34,0.5294117647058824,1.0,1,mean,0.5
child_control_57,child,0,43,0.4883720930232558,0.0,0,mean,0.5
child_control_58,child,0,32,0.4375,0.0,0,mean,0.5
child_control_59,child,0,47,0.3829787234042553,0.0,0,mean,0.5
child_control_60,child,0,33,0.5454545454545454,1.0,1,mean,0.5
