subject_id,y_true,y_score
child_adhd_1,1,0.0
child_adhd_1,1,1.0
child_adhd_1,1,1.0
child_adhd_1,1,1.0
child_adhd_1,1,0.0
child_adhd_1,1,0.0
child_adhd_1,1,0.0
child_adhd_1,1,1.0
child_adhd_1,1,1.0
child_adhd_1,1,1.0
child_adhd_1,1,0.0
child_adhd_1,1,1.0
child_adhd_1,1,1.0
child_adhd_1,1,0.0
child_adhd_1,1,0.0
child_adhd_1,1,0.0
child_adhd_1,1,0.0
child_adhd_1,1,1.0
child_adhd_1,1,0.0
child_adhd_1,1,0.0
child_adhd_1,1,1.0
child_adhd_1,1,0.0
child_adhd_1,1,0.0
child_adhd_1,1,0.0
child_adhd_1,1,0.0
child_adhd_1,1,1.0
child_adhd_2,1,0.0
child_adhd_2,1,1.0
child_adhd_2,1,1.0
child_adhd_2,1,0.0
child_adhd_2,1,1.0
child_adhd_2,1,0.0
child_adhd_2,1,0.0
child_adhd_2,1,1.0
child_adhd_2,1,1.0
child_adhd_2,1,1.0
child_adhd_2,1,0.0
child_adhd_2,1,0.0
child_adhd_2,1,1.0
child_adhd_2,1,0.0
child_adhd_2,1,0.0
child_adhd_2,1,0.0
child_adhd_2,1,0.0
child_adhd_2,1,1.0
child_adhd_2,1,0.0
child_adhd_2,1,1.0
child_adhd_2,1,0.0
child_adhd_2,1,1.0
child_adhd_2,1,1.0
child_adhd_2,1,0.0
child_adhd_2,1,1.0
child_adhd_2,1,1.0
child_adhd_2,1,1.0
child_adhd_2,1,1.0
child_adhd_2,1,1.0
child_adhd_2,1,1.0
child_adhd_2,1,0.0
child_adhd_2,1,0.0
child_adhd_2,1,0.0
child_adhd_3,1,0.0
child_adhd_3,1,0.0
child_adhd_3,1,0.0
child_adhd_3,1,1.0
child_adhd_3,1,0.0
child_adhd_3,1,0.0
child_adhd_3,1,1.0
child_adhd_3,1,0.0
child_adhd_3,1,1.0
child_adhd_3,1,0.0
child_adhd_3,1,1.0
child_adhd_3,1,1.0
child_adhd_3,1,0.0
child_adhd_3,1,0.0
child_adhd_3,1,1.0
child_adhd_3,1,1.0
child_adhd_3,1,1.0
child_adhd_3,1,1.0
child_adhd_3,1,0.0
child_adhd_3,1,0.0
child_adhd_3,1,0.0
child_adhd_3,1,1.0
child_adhd_3,1,1.0
child_adhd_3,1,0.0
child_adhd_3,1,0.0
child_adhd_3,1,0.0
child_adhd_3,1,0.0
child_adhd_3,1,1.0
child_adhd_3,1,1.0
child_adhd_3,1,1.0
child_adhd_3,1,0.0
child_adhd_3,1,0.0
child_adhd_3,1,1.0
child_adhd_4,1,1.0
child_adhd_4,1,1.0
child_adhd_4,1,1.0
child_adhd_4,1,0.0
child_adhd_4,1,1.0
child_adhd_4,1,0.0
child_adhd_4,1,0.0
child_adhd_4,1,0.0
child_adhd_4,1,0.0
child_adhd_4,1,1.0
child_adhd_4,1,0.0
child_adhd_4,1,1.0
child_adhd_4,1,1.0
child_adhd_4,1,0.0
child_adhd_4,1,0.0
child_adhd_4,1,1.0
child_adhd_4,1,0.0
child_adhd_4,1,0.0
child_adhd_4,1,0.0
child_adhd_4,1,0.0
child_adhd_4,1,1.0
child_adhd_4,1,1.0
child_adhd_4,1,1.0
child_adhd_4,1,1.0
child_adhd_4,1,1.0
child_adhd_4,1,0.0
child_adhd_4,1,1.0
child_adhd_4,1,1.0
child_adhd_4,1,1.0
child_adhd_4,1,1.0
child_adhd_4,1,0.0
child_adhd_4,1,0.0
child_adhd_4,1,0.0
child_adhd_4,1,0.0
child_adhd_4,1,1.0
child_adhd_4,1,1.0
child_adhd_4,1,0.0
child_adhd_4,1,1.0
child_adhd_4,1,0.0
child_adhd_4,1,0.0
child_adhd_4,1,0.0
child_adhd_4,1,0.0
child_adhd_4,1,1.0
child_adhd_4,1,0.0
child_adhd_4,1,1.0
child_adhd_4,1,1.0
child_adhd_4,1,0.0
child_adhd_4,1,1.0
child_adhd_4,1,1.0
child_adhd_4,1,0.0
child_adhd_4,1,0.0
child_adhd_4,1,0.0
child_adhd_4,1,0.0
child_adhd_4,1,0.0
child_adhd_4,1,1.0
child_adhd_4,1,1.0
child_adhd_4,1,0.0
child_adhd_4,1,0.0
child_adhd_4,1,1.0
child_adhd_4,1,0.0
child_adhd_4,1,0.0
child_adhd_4,1,0.0
child_adhd_4,1,1.0
child_adhd_4,1,0.0
child_adhd_4,1,1.0
child_adhd_4,1,1.0
child_adhd_4,1,0.0
child_adhd_4,1,1.0
child_adhd_4,1,0.0
child_adhd_4,1,1.0
child_adhd_4,1,1.0
child_adhd_4,1,1.0
child_adhd_4,1,0.0
child_adhd_4,1,1.0
child_adhd_4,1,0.0
child_adhd_4,1,0.0
child_adhd_4,1,0.0
child_adhd_4,1,1.0
child_adhd_4,1,1.0
child_adhd_4,1,0.0
child_adhd_4,1,1.0
child_adhd_4,1,0.0
child_adhd_4,1,1.0
child_adhd_5,1,0.0
child_adhd_5,1,1.0
child_adhd_5,1,0.0
child_adhd_5,1,1.0
child_adhd_5,1,0.0
child_adhd_5,1,0.0
child_adhd_5,1,0.0
child_adhd_5,1,1.0
child_adhd_5,1,1.0
child_adhd_5,1,0.0
child_adhd_5,1,1.0
child_adhd_5,1,1.0
child_adhd_5,1,1.0
child_adhd_5,1,1.0
child_adhd_5,1,0.0
child_adhd_5,1,0.0
child_adhd_5,1,1.0
child_adhd_5,1,1.0
child_adhd_5,1,1.0
child_adhd_5,1,0.0
child_adhd_5,1,0.0
child_adhd_5,1,1.0
child_adhd_5,1,1.0
child_adhd_5,1,1.0
child_adhd_5,1,1.0
child_adhd_5,1,1.0
child_adhd_5,1,0.0
child_adhd_5,1,0.0
child_adhd_5,1,1.0
child_adhd_5,1,1.0
child_adhd_5,1,0.0
child_adhd_5,1,0.0
child_adhd_5,1,1.0
child_adhd_5,1,0.0
child_adhd_5,1,0.0
child_adhd_5,1,1.0
child_adhd_5,1,1.0
child_adhd_5,1,1.0
child_adhd_5,1,0.0
child_adhd_5,1,1.0
child_adhd_5,1,0.0
child_adhd_5,1,0.0
child_adhd_5,1,1.0
child_adhd_5,1,1.0
child_adhd_5,1,1.0
child_adhd_5,1,1.0
child_adhd_6,1,1.0
child_adhd_6,1,0.0
child_adhd_6,1,0.0
child_adhd_6,1,0.0
child_adhd_6,1,0.0
child_adhd_6,1,1.0
child_adhd_6,1,0.0
child_adhd_6,1,1.0
child_adhd_6,1,1.0
child_adhd_6,1,1.0
child_adhd_6,1,1.0
child_adhd_6,1,1.0
child_adhd_6,1,0.0
child_adhd_6,1,0.0
child_adhd_6,1,1.0
child_adhd_6,1,0.0
child_adhd_6,1,0.0
child_adhd_6,1,1.0
child_adhd_6,1,0.0
child_adhd_6,1,1.0
child_adhd_6,1,1.0
child_adhd_6,1,1.0
child_adhd_6,1,0.0
child_adhd_6,1,0.0
child_adhd_6,1,1.0
child_adhd_6,1,0.0
child_adhd_6,1,1.0
child_adhd_6,1,1.0
child_adhd_6,1,1.0
child_adhd_6,1,0.0
child_adhd_6,1,0.0
child_adhd_6,1,1.0
child_adhd_6,1,0.0
child_adhd_6,1,0.0
child_adhd_6,1,1.0
child_adhd_6,1,1.0
child_adhd_6,1,1.0
child_adhd_6,1,1.0
child_adhd_6,1,0.0
child_adhd_6,1,1.0
child_adhd_6,1,1.0
child_adhd_6,1,0.0
child_adhd_6,1,1.0
child_adhd_6,1,1.0
child_adhd_6,1,1.0
child_adhd_6,1,1.0
child_adhd_6,1,1.0
child_adhd_7,1,0.0
child_adhd_7,1,0.0
child_adhd_7,1,1.0
child_adhd_7,1,1.0
child_adhd_7,1,1.0
child_adhd_7,1,1.0
child_adhd_7,1,1.0
child_adhd_7,1,0.0
child_adhd_7,1,1.0
child_adhd_7,1,1.0
child_adhd_7,1,1.0
child_adhd_7,1,1.0
child_adhd_7,1,1.0
child_adhd_7,1,0.0
child_adhd_7,1,0.0
child_adhd_7,1,0.0
child_adhd_7,1,1.0
child_adhd_7,1,0.0
child_adhd_7,1,0.0
child_adhd_7,1,1.0
child_adhd_7,1,0.0
child_adhd_7,1,1.0
child_adhd_7,1,0.0
child_adhd_7,1,0.0
child_adhd_7,1,1.0
child_adhd_7,1,0.0
child_adhd_7,1,0.0
child_adhd_7,1,1.0
child_adhd_7,1,1.0
child_adhd_7,1,0.0
child_adhd_7,1,1.0
child_adhd_7,1,0.0
child_adhd_7,1,0.0
child_adhd_7,1,1.0
child_adhd_7,1,1.0
child_adhd_7,1,1.0
child_adhd_7,1,1.0
child_adhd_7,1,1.0
child_adhd_7,1,1.0
child_adhd_7,1,0.0
child_adhd_7,1,1.0
child_adhd_7,1,0.0
child_adhd_7,1,0.0
child_adhd_7,1,0.0
child_adhd_8,1,0.0
child_adhd_8,1,1.0
child_adhd_8,1,1.0
child_adhd_8,1,1.0
child_adhd_8,1,0.0
child_adhd_8,1,0.0
child_adhd_8,1,0.0
child_adhd_8,1,0.0
child_adhd_8,1,1.0
child_adhd_8,1,1.0
child_adhd_8,1,1.0
child_adhd_8,1,0.0
child_adhd_8,1,1.0
child_adhd_8,1,1.0
child_adhd_8,1,1.0
child_adhd_8,1,1.0
child_adhd_8,1,0.0
child_adhd_8,1,0.0
child_adhd_8,1,0.0
child_adhd_8,1,1.0
child_adhd_8,1,0.0
child_adhd_8,1,0.0
child_adhd_9,1,0.0
child_adhd_9,1,0.0
child_adhd_9,1,1.0
child_adhd_9,1,1.0
child_adhd_9,1,0.0
child_adhd_9,1,0.0
child_adhd_9,1,0.0
child_adhd_9,1,0.0
child_adhd_9,1,0.0
child_adhd_9,1,0.0
child_adhd_9,1,0.0
child_adhd_9,1,1.0
child_adhd_9,1,1.0
child_adhd_9,1,0.0
child_adhd_9,1,0.0
child_adhd_9,1,1.0
child_adhd_9,1,1.0
child_adhd_9,1,1.0
child_adhd_9,1,1.0
child_adhd_9,1,0.0
child_adhd_9,1,0.0
child_adhd_9,1,1.0
child_adhd_9,1,0.0
child_adhd_9,1,1.0
child_adhd_9,1,1.0
child_adhd_9,1,1.0
child_adhd_9,1,0.0
child_adhd_9,1,1.0
child_adhd_9,1,0.0
child_adhd_9,1,1.0
child_adhd_9,1,1.0
child_adhd_9,1,0.0
child_adhd_9,1,1.0
child_adhd_9,1,1.0
child_adhd_9,1,0.0
child_adhd_9,1,0.0
child_adhd_9,1,0.0
child_adhd_9,1,0.0
child_adhd_9,1,0.0
child_adhd_9,1,1.0
child_adhd_9,1,0.0
child_adhd_9,1,0.0
child_adhd_9,1,1.0
child_adhd_9,1,0.0
child_adhd_9,1,1.0
child_adhd_9,1,0.0
child_adhd_9,1,0.0
child_adhd_9,1,1.0
child_adhd_9,1,1.0
child_adhd_9,1,1.0
child_adhd_9,1,1.0
child_adhd_9,1,1.0
child_adhd_9,1,0.0
child_adhd_9,1,0.0
child_adhd_9,1,1.0
child_adhd_9,1,1.0
child_adhd_9,1,1.0
child_adhd_9,1,0.0
child_adhd_9,1,0.0
child_adhd_9,1,1.0
child_adhd_9,1,0.0
child_adhd_9,1,1.0
child_adhd_9,1,1.0
child_adhd_9,1,0.0
child_adhd_9,1,1.0
child_adhd_9,1,1.0
child_adhd_9,1,0.0
child_adhd_9,1,1.0
child_adhd_10,1,1.0
child_adhd_10,1,1.0
child_adhd_10,1,0.0
child_adhd_10,1,1.0
child_adhd_10,1,0.0
child_adhd_10,1,0.0
child_adhd_10,1,1.0
child_adhd_10,1,0.0
child_adhd_10,1,0.0
child_adhd_10,1,1.0
child_adhd_10,1,1.0
child_adhd_10,1,1.0
child_adhd_10,1,1.0
child_adhd_10,1,0.0
child_adhd_10,1,0.0
child_adhd_10,1,0.0
child_adhd_10,1,1.0
child_adhd_10,1,1.0
child_adhd_10,1,1.0
child_adhd_10,1,1.0
child_adhd_10,1,0.0
child_adhd_10,1,0.0
child_adhd_10,1,0.0
child_adhd_10,1,1.0
child_adhd_10,1,0.0
child_adhd_10,1,1.0
child_adhd_10,1,0.0
child_adhd_10,1,0.0
child_adhd_10,1,0.0
child_adhd_10,1,1.0
child_adhd_10,1,1.0
child_adhd_11,1,0.0
child_adhd_11,1,0.0
child_adhd_11,1,1.0
child_adhd_11,1,0.0
child_adhd_11,1,1.0
child_adhd_11,1,1.0
child_adhd_11,1,0.0
child_adhd_11,1,0.0
child_adhd_11,1,1.0
child_adhd_11,1,0.0
child_adhd_11,1,0.0
child_adhd_11,1,1.0
child_adhd_11,1,1.0
child_adhd_11,1,1.0
child_adhd_11,1,1.0
child_adhd_11,1,0.0
child_adhd_11,1,0.0
child_adhd_11,1,1.0
child_adhd_11,1,1.0
child_adhd_11,1,0.0
child_adhd_11,1,1.0
child_adhd_11,1,0.0
child_adhd_12,1,0.0
child_adhd_12,1,0.0
child_adhd_12,1,0.0
child_adhd_12,1,0.0
child_adhd_12,1,0.0
child_adhd_12,1,0.0
child_adhd_12,1,1.0
child_adhd_12,1,1.0
child_adhd_12,1,1.0
child_adhd_12,1,1.0
child_adhd_12,1,0.0
child_adhd_12,1,0.0
child_adhd_12,1,1.0
child_adhd_12,1,0.0
child_adhd_12,1,1.0
child_adhd_12,1,0.0
child_adhd_12,1,1.0
child_adhd_12,1,0.0
child_adhd_12,1,1.0
child_adhd_12,1,1.0
child_adhd_12,1,1.0
child_adhd_12,1,0.0
child_adhd_12,1,1.0
child_adhd_12,1,1.0
child_adhd_12,1,1.0
child_adhd_12,1,1.0
child_adhd_12,1,1.0
child_adhd_12,1,0.0
child_adhd_12,1,1.0
child_adhd_12,1,1.0
child_adhd_12,1,1.0
child_adhd_13,1,0.0
child_adhd_13,1,0.0
child_adhd_13,1,1.0
child_adhd_13,1,1.0
child_adhd_13,1,0.0
child_adhd_13,1,1.0
child_adhd_13,1,0.0
child_adhd_13,1,0.0
child_adhd_13,1,0.0
child_adhd_13,1,0.0
child_adhd_13,1,1.0
child_adhd_13,1,0.0
child_adhd_13,1,1.0
child_adhd_13,1,1.0
child_adhd_13,1,1.0
child_adhd_13,1,1.0
child_adhd_13,1,0.0
child_adhd_13,1,1.0
child_adhd_14,1,1.0
child_adhd_14,1,0.0
child_adhd_14,1,1.0
child_adhd_14,1,1.0
child_adhd_14,1,1.0
child_adhd_14,1,1.0
child_adhd_14,1,1.0
child_adhd_14,1,0.0
child_adhd_14,1,1.0
child_adhd_14,1,1.0
child_adhd_14,1,0.0
child_adhd_14,1,0.0
child_adhd_14,1,0.0
child_adhd_14,1,1.0
child_adhd_14,1,1.0
child_adhd_14,1,0.0
child_adhd_14,1,1.0
child_adhd_14,1,0.0
child_adhd_14,1,1.0
child_adhd_14,1,1.0
child_adhd_14,1,1.0
child_adhd_14,1,0.0
child_adhd_14,1,0.0
child_adhd_14,1,0.0
child_adhd_14,1,0.0
child_adhd_14,1,1.0
child_adhd_14,1,1.0
child_adhd_14,1,1.0
child_adhd_14,1,1.0
child_adhd_14,1,1.0
child_adhd_14,1,1.0
child_adhd_14,1,1.0
child_adhd_14,1,1.0
child_adhd_14,1,0.0
child_adhd_14,1,0.0
child_adhd_14,1,0.0
child_adhd_14,1,1.0
child_adhd_14,1,1.0
child_adhd_14,1,0.0
child_adhd_14,1,1.0
child_adhd_14,1,1.0
child_adhd_14,1,0.0
child_adhd_14,1,0.0
child_adhd_14,1,1.0
child_adhd_14,1,1.0
child_adhd_14,1,1.0
child_adhd_14,1,1.0
child_adhd_14,1,1.0
child_adhd_14,1,1.0
child_adhd_14,1,1.0
child_adhd_14,1,1.0
child_adhd_14,1,0.0
child_adhd_14,1,0.0
child_adhd_14,1,0.0
child_adhd_14,1,1.0
child_adhd_15,1,1.0
child_adhd_15,1,1.0
child_adhd_15,1,0.0
child_adhd_15,1,0.0
child_adhd_15,1,0.0
child_adhd_15,1,0.0
child_adhd_15,1,1.0
child_adhd_15,1,0.0
child_adhd_15,1,0.0
child_adhd_15,1,1.0
child_adhd_15,1,0.0
child_adhd_15,1,1.0
child_adhd_15,1,1.0
child_adhd_15,1,0.0
child_adhd_15,1,1.0
child_adhd_15,1,1.0
child_adhd_15,1,1.0
child_adhd_15,1,0.0
child_adhd_15,1,1.0
child_adhd_15,1,0.0
child_adhd_15,1,0.0
child_adhd_15,1,0.0
child_adhd_15,1,1.0
child_adhd_15,1,0.0
child_adhd_15,1,0.0
child_adhd_15,1,1.0
child_adhd_15,1,0.0
child_adhd_15,1,0.0
child_adhd_15,1,0.0
child_adhd_15,1,0.0
child_adhd_15,1,0.0
child_adhd_15,1,0.0
child_adhd_15,1,1.0
child_adhd_15,1,0.0
child_adhd_15,1,0.0
child_adhd_15,1,1.0
child_adhd_15,1,0.0
child_adhd_15,1,1.0
child_adhd_15,1,0.0
child_adhd_15,1,0.0
child_adhd_15,1,0.0
child_adhd_15,1,0.0
child_adhd_15,1,0.0
child_adhd_15,1,0.0
child_adhd_15,1,0.0
child_adhd_15,1,0.0
child_adhd_15,1,0.0
child_adhd_15,1,0.0
child_adhd_15,1,0.0
child_adhd_15,1,1.0
child_adhd_15,1,1.0
child_adhd_15,1,0.0
child_adhd_16,1,1.0
child_adhd_16,1,1.0
child_adhd_16,1,0.0
child_adhd_16,1,1.0
child_adhd_16,1,1.0
child_adhd_16,1,0.0
child_adhd_16,1,0.0
child_adhd_16,1,1.0
child_adhd_16,1,1.0
child_adhd_16,1,0.0
child_adhd_16,1,0.0
child_adhd_16,1,0.0
child_adhd_16,1,0.0
child_adhd_16,1,1.0
child_adhd_16,1,0.0
child_adhd_16,1,0.0
child_adhd_16,1,1.0
child_adhd_16,1,0.0
child_adhd_16,1,0.0
child_adhd_16,1,1.0
child_adhd_16,1,1.0
child_adhd_16,1,1.0
child_adhd_16,1,1.0
child_adhd_16,1,0.0
child_adhd_16,1,0.0
child_adhd_16,1,1.0
child_adhd_16,1,0.0
child_adhd_16,1,0.0
child_adhd_16,1,0.0
child_adhd_16,1,0.0
child_adhd_16,1,0.0
child_adhd_16,1,0.0
child_adhd_16,1,0.0
child_adhd_16,1,0.0
child_adhd_16,1,1.0
child_adhd_16,1,1.0
child_adhd_16,1,1.0
child_adhd_16,1,1.0
child_adhd_16,1,0.0
child_adhd_16,1,0.0
child_adhd_16,1,1.0
child_adhd_16,1,1.0
child_adhd_16,1,1.0
child_adhd_16,1,0.0
child_adhd_16,1,0.0
child_adhd_16,1,0.0
child_adhd_17,1,0.0
child_adhd_17,1,1.0
child_adhd_17,1,1.0
child_adhd_17,1,0.0
child_adhd_17,1,1.0
child_adhd_17,1,1.0
child_adhd_17,1,0.0
child_adhd_17,1,0.0
child_adhd_17,1,0.0
child_adhd_17,1,0.0
child_adhd_17,1,0.0
child_adhd_17,1,0.0
child_adhd_17,1,0.0
child_adhd_17,1,0.0
child_adhd_17,1,1.0
child_adhd_17,1,0.0
child_adhd_17,1,1.0
child_adhd_17,1,0.0
child_adhd_17,1,1.0
child_adhd_17,1,0.0
child_adhd_17,1,0.0
child_adhd_17,1,1.0
child_adhd_17,1,1.0
child_adhd_17,1,1.0
child_adhd_17,1,0.0
child_adhd_17,1,0.0
child_adhd_17,1,1.0
child_adhd_17,1,1.0
child_adhd_17,1,1.0
child_adhd_17,1,1.0
child_adhd_17,1,0.0
child_adhd_17,1,1.0
child_adhd_17,1,0.0
child_adhd_17,1,0.0
child_adhd_17,1,0.0
child_adhd_17,1,1.0
child_adhd_17,1,0.0
child_adhd_17,1,0.0
child_adhd_17,1,1.0
child_adhd_17,1,0.0
child_adhd_17,1,1.0
child_adhd_18,1,0.0
child_adhd_18,1,0.0
child_adhd_18,1,1.0
child_adhd_18,1,0.0
child_adhd_18,1,0.0
child_adhd_18,1,0.0
child_adhd_18,1,0.0
child_adhd_18,1,1.0
child_adhd_18,1,0.0
child_adhd_18,1,1.0
child_adhd_18,1,0.0
child_adhd_18,1,1.0
child_adhd_18,1,1.0
child_adhd_18,1,1.0
child_adhd_18,1,0.0
child_adhd_18,1,0.0
child_adhd_18,1,0.0
child_adhd_18,1,1.0
child_adhd_18,1,1.0
child_adhd_18,1,1.0
child_adhd_18,1,0.0
child_adhd_19,1,1.0
child_adhd_19,1,1.0
child_adhd_19,1,0.0
child_adhd_19,1,0.0
child_adhd_19,1,1.0
child_adhd_19,1,1.0
child_adhd_19,1,1.0
child_adhd_19,1,0.0
child_adhd_19,1,1.0
child_adhd_19,1,0.0
child_adhd_19,1,0.0
child_adhd_19,1,0.0
child_adhd_19,1,1.0
child_adhd_19,1,1.0
child_adhd_19,1,1.0
child_adhd_19,1,0.0
child_adhd_19,1,1.0
child_adhd_19,1,0.0
child_adhd_19,1,1.0
child_adhd_19,1,0.0
child_adhd_19,1,0.0
child_adhd_19,1,0.0
child_adhd_19,1,0.0
child_adhd_19,1,1.0
child_adhd_19,1,1.0
child_adhd_19,1,0.0
child_adhd_19,1,1.0
child_adhd_19,1,0.0
child_adhd_19,1,1.0
child_adhd_19,1,1.0
child_adhd_19,1,1.0
child_adhd_19,1,0.0
child_adhd_19,1,1.0
child_adhd_19,1,1.0
child_adhd_20,1,0.0
child_adhd_20,1,0.0
child_adhd_20,1,1.0
child_adhd_20,1,1.0
child_adhd_20,1,1.0
child_adhd_20,1,1.0
child_adhd_20,1,1.0
child_adhd_20,1,0.0
child_adhd_20,1,0.0
child_adhd_20,1,0.0
child_adhd_20,1,1.0
child_adhd_20,1,0.0
child_adhd_20,1,1.0
child_adhd_20,1,1.0
child_adhd_20,1,1.0
child_adhd_20,1,0.0
child_adhd_20,1,1.0
child_adhd_20,1,0.0
child_adhd_20,1,1.0
child_adhd_20,1,0.0
child_adhd_20,1,0.0
child_adhd_20,1,1.0
child_adhd_20,1,0.0
child_adhd_20,1,0.0
child_adhd_20,1,1.0
child_adhd_20,1,1.0
child_adhd_20,1,1.0
child_adhd_20,1,1.0
child_adhd_20,1,1.0
child_adhd_20,1,0.0
child_adhd_20,1,0.0
child_adhd_20,1,0.0
child_adhd_20,1,1.0
child_adhd_20,1,1.0
child_adhd_20,1,0.0
child_adhd_20,1,0.0
child_adhd_20,1,1.0
child_adhd_20,1,0.0
child_adhd_20,1,1.0
child_adhd_20,1,1.0
child_adhd_20,1,1.0
child_adhd_20,1,0.0
child_adhd_20,1,1.0
child_adhd_20,1,1.0
child_adhd_20,1,1.0
child_adhd_20,1,1.0
child_adhd_20,1,1.0
child_adhd_20,1,1.0
child_adhd_20,1,0.0
child_adhd_20,1,1.0
child_adhd_20,1,1.0
child_adhd_20,1,0.0
child_adhd_20,1,1.0
child_adhd_20,1,1.0
child_adhd_20,1,1.0
child_adhd_20,1,0.0
child_adhd_21,1,0.0
child_adhd_21,1,1.0
child_adhd_21,1,1.0
child_adhd_21,1,0.0
child_adhd_21,1,1.0
child_adhd_21,1,1.0
child_adhd_21,1,1.0
child_adhd_21,1,1.0
child_adhd_21,1,0.0
child_adhd_21,1,0.0
child_adhd_21,1,0.0
child_adhd_21,1,1.0
child_adhd_21,1,0.0
child_adhd_21,1,0.0
child_adhd_21,1,0.0
child_adhd_21,1,1.0
child_adhd_21,1,1.0
child_adhd_21,1,0.0
child_adhd_21,1,0.0
child_adhd_21,1,1.0
child_adhd_21,1,0.0
child_adhd_21,1,0.0
child_adhd_21,1,0.0
child_adhd_21,1,0.0
child_adhd_21,1,0.0
child_adhd_21,1,0.0
child_adhd_21,1,0.0
child_adhd_21,1,1.0
child_adhd_21,1,0.0
child_adhd_21,1,1.0
child_adhd_21,1,1.0
child_adhd_21,1,0.0
child_adhd_21,1,1.0
child_adhd_21,1,0.0
child_adhd_21,1,1.0
child_adhd_21,1,0.0
child_adhd_21,1,0.0
child_adhd_22,1,0.0
child_adhd_22,1,1.0
child_adhd_22,1,0.0
child_adhd_22,1,1.0
child_adhd_22,1,0.0
child_adhd_22,1,1.0
child_adhd_22,1,0.0
child_adhd_22,1,1.0
child_adhd_22,1,0.0
child_adhd_22,1,0.0
child_adhd_22,1,0.0
child_adhd_22,1,0.0
child_adhd_22,1,1.0
child_adhd_22,1,0.0
child_adhd_22,1,1.0
child_adhd_22,1,0.0
child_adhd_22,1,1.0
child_adhd_22,1,0.0
child_adhd_22,1,0.0
child_adhd_22,1,1.0
child_adhd_22,1,0.0
child_adhd_22,1,0.0
child_adhd_22,1,1.0
child_adhd_22,1,1.0
child_adhd_22,1,0.0
child_adhd_22,1,0.0
child_adhd_22,1,1.0
child_adhd_22,1,0.0
child_adhd_23,1,0.0
child_adhd_23,1,0.0
child_adhd_23,1,1.0
child_adhd_23,1,1.0
child_adhd_23,1,0.0
child_adhd_23,1,0.0
child_adhd_23,1,0.0
child_adhd_23,1,1.0
child_adhd_23,1,0.0
child_adhd_23,1,0.0
child_adhd_23,1,1.0
child_adhd_23,1,0.0
child_adhd_23,1,1.0
child_adhd_23,1,0.0
child_adhd_23,1,0.0
child_adhd_23,1,0.0
child_adhd_23,1,1.0
child_adhd_23,1,1.0
child_adhd_23,1,1.0
child_adhd_23,1,0.0
child_adhd_23,1,1.0
child_adhd_23,1,0.0
child_adhd_23,1,0.0
child_adhd_23,1,1.0
child_adhd_23,1,0.0
child_adhd_23,1,0.0
child_adhd_23,1,0.0
child_adhd_23,1,0.0
child_adhd_23,1,0.0
child_adhd_23,1,1.0
child_adhd_23,1,0.0
child_adhd_23,1,1.0
child_adhd_24,1,1.0
child_adhd_24,1,0.0
child_adhd_24,1,0.0
child_adhd_24,1,0.0
child_adhd_24,1,1.0
child_adhd_24,1,0.0
child_adhd_24,1,1.0
child_adhd_24,1,0.0
child_adhd_24,1,1.0
child_adhd_24,1,0.0
child_adhd_24,1,0.0
child_adhd_24,1,1.0
child_adhd_24,1,1.0
child_adhd_24,1,0.0
child_adhd_24,1,1.0
child_adhd_24,1,0.0
child_adhd_24,1,1.0
child_adhd_25,1,1.0
child_adhd_25,1,0.0
child_adhd_25,1,0.0
child_adhd_25,1,0.0
child_adhd_25,1,1.0
child_adhd_25,1,1.0
child_adhd_25,1,0.0
child_adhd_25,1,0.0
child_adhd_25,1,1.0
child_adhd_25,1,1.0
child_adhd_25,1,1.0
child_adhd_25,1,0.0
child_adhd_25,1,0.0
child_adhd_25,1,0.0
child_adhd_25,1,1.0
child_adhd_25,1,0.0
child_adhd_25,1,1.0
child_adhd_25,1,0.0
child_adhd_25,1,1.0
child_adhd_25,1,1.0
child_adhd_25,1,1.0
child_adhd_25,1,0.0
child_adhd_25,1,0.0
child_adhd_25,1,0.0
child_adhd_25,1,1.0
child_adhd_25,1,1.0
child_adhd_25,1,1.0
child_adhd_25,1,1.0
child_adhd_25,1,1.0
child_adhd_25,1,0.0
child_adhd_25,1,1.0
child_adhd_25,1,0.0
child_adhd_25,1,0.0
child_adhd_25,1,1.0
child_adhd_25,1,0.0
child_adhd_25,1,0.0
child_adhd_25,1,1.0
child_adhd_25,1,0.0
child_adhd_25,1,1.0
child_adhd_25,1,0.0
child_adhd_25,1,0.0
child_adhd_25,1,0.0
child_adhd_25,1,0.0
child_adhd_25,1,1.0
child_adhd_25,1,0.0
child_adhd_25,1,1.0
child_adhd_25,1,0.0
child_adhd_26,1,1.0
child_adhd_26,1,1.0
child_adhd_26,1,1.0
child_adhd_26,1,0.0
child_adhd_26,1,0.0
child_adhd_26,1,0.0
child_adhd_26,1,1.0
child_adhd_26,1,0.0
child_adhd_26,1,0.0
child_adhd_26,1,1.0
child_adhd_26,1,0.0
child_adhd_26,1,1.0
child_adhd_26,1,0.0
child_adhd_26,1,0.0
child_adhd_26,1,1.0
child_adhd_26,1,0.0
child_adhd_26,1,1.0
child_adhd_26,1,0.0
child_adhd_26,1,0.0
child_adhd_26,1,1.0
child_adhd_26,1,1.0
child_adhd_26,1,1.0
child_adhd_26,1,0.0
child_adhd_26,1,1.0
child_adhd_26,1,0.0
child_adhd_26,1,0.0
child_adhd_26,1,1.0
child_adhd_26,1,0.0
child_adhd_26,1,1.0
child_adhd_26,1,0.0
child_adhd_26,1,0.0
child_adhd_26,1,1.0
child_adhd_26,1,1.0
child_adhd_26,1,1.0
child_adhd_27,1,1.0
child_adhd_27,1,1.0
child_adhd_27,1,1.0
child_adhd_27,1,1.0
child_adhd_27,1,0.0
child_adhd_27,1,0.0
child_adhd_27,1,0.0
child_adhd_27,1,1.0
child_adhd_27,1,1.0
child_adhd_27,1,0.0
child_adhd_27,1,1.0
child_adhd_27,1,1.0
child_adhd_27,1,0.0
child_adhd_27,1,1.0
child_adhd_27,1,1.0
child_adhd_27,1,0.0
child_adhd_27,1,1.0
child_adhd_27,1,0.0
child_adhd_27,1,1.0
child_adhd_27,1,1.0
child_adhd_27,1,1.0
child_adhd_27,1,0.0
child_adhd_27,1,1.0
child_adhd_27,1,1.0
child_adhd_27,1,0.0
child_adhd_27,1,1.0
child_adhd_27,1,0.0
child_adhd_27,1,1.0
child_adhd_27,1,0.0
child_adhd_27,1,0.0
child_adhd_27,1,0.0
child_adhd_27,1,1.0
child_adhd_27,1,0.0
child_adhd_27,1,1.0
child_adhd_27,1,0.0
child_adhd_27,1,0.0
child_adhd_27,1,1.0
child_adhd_27,1,1.0
child_adhd_27,1,0.0
child_adhd_27,1,1.0
child_adhd_27,1,1.0
child_adhd_27,1,1.0
child_adhd_27,1,0.0
child_adhd_27,1,0.0
child_adhd_27,1,1.0
child_adhd_27,1,0.0
child_adhd_27,1,1.0
child_adhd_27,1,1.0
child_adhd_27,1,1.0
child_adhd_27,1,1.0
child_adhd_27,1,1.0
child_adhd_27,1,0.0
child_adhd_27,1,1.0
child_adhd_27,1,0.0
child_adhd_27,1,0.0
child_adhd_27,1,1.0
child_adhd_27,1,1.0
child_adhd_27,1,1.0
child_adhd_27,1,1.0
child_adhd_27,1,0.0
child_adhd_27,1,0.0
child_adhd_27,1,1.0
child_adhd_27,1,0.0
child_adhd_27,1,0.0
child_adhd_28,1,0.0
child_adhd_28,1,0.0
child_adhd_28,1,0.0
child_adhd_28,1,0.0
child_adhd_28,1,0.0
child_adhd_28,1,0.0
child_adhd_28,1,1.0
child_adhd_28,1,0.0
child_adhd_28,1,0.0
child_adhd_28,1,1.0
child_adhd_28,1,0.0
child_adhd_28,1,1.0
child_adhd_28,1,1.0
child_adhd_28,1,0.0
child_adhd_28,1,0.0
child_adhd_28,1,1.0
child_adhd_28,1,1.0
child_adhd_28,1,0.0
child_adhd_28,1,1.0
child_adhd_28,1,0.0
child_adhd_28,1,1.0
child_adhd_28,1,0.0
child_adhd_28,1,1.0
child_adhd_28,1,1.0
child_adhd_28,1,1.0
child_adhd_28,1,1.0
child_adhd_28,1,0.0
child_adhd_28,1,0.0
child_adhd_28,1,0.0
child_adhd_28,1,0.0
child_adhd_28,1,1.0
child_adhd_28,1,0.0
child_adhd_28,1,0.0
child_adhd_28,1,1.0
child_adhd_28,1,1.0
child_adhd_28,1,1.0
child_adhd_28,1,1.0
child_adhd_28,1,0.0
child_adhd_29,1,0.0
child_adhd_29,1,1.0
child_adhd_29,1,1.0
child_adhd_29,1,0.0
child_adhd_29,1,1.0
child_adhd_29,1,0.0
child_adhd_29,1,0.0
child_adhd_29,1,1.0
child_adhd_29,1,1.0
child_adhd_29,1,1.0
child_adhd_29,1,0.0
child_adhd_29,1,1.0
child_adhd_29,1,0.0
child_adhd_29,1,0.0
child_adhd_29,1,1.0
child_adhd_29,1,1.0
child_adhd_29,1,1.0
child_adhd_29,1,1.0
child_adhd_29,1,1.0
child_adhd_29,1,1.0
child_adhd_29,1,0.0
child_adhd_29,1,0.0
child_adhd_29,1,0.0
child_adhd_29,1,0.0
child_adhd_29,1,1.0
child_adhd_29,1,0.0
child_adhd_29,1,0.0
child_adhd_29,1,0.0
child_adhd_29,1,1.0
child_adhd_29,1,0.0
child_adhd_29,1,1.0
child_adhd_29,1,0.0
child_adhd_29,1,0.0
child_adhd_30,1,1.0
child_adhd_30,1,1.0
child_adhd_30,1,0.0
child_adhd_30,1,1.0
child_adhd_30,1,1.0
child_adhd_30,1,0.0
child_adhd_30,1,1.0
child_adhd_30,1,1.0
child_adhd_30,1,1.0
child_adhd_30,1,1.0
child_adhd_30,1,1.0
child_adhd_30,1,1.0
child_adhd_30,1,1.0
child_adhd_30,1,1.0
child_adhd_30,1,1.0
child_adhd_30,1,1.0
child_adhd_30,1,1.0
child_adhd_30,1,0.0
child_adhd_30,1,1.0
child_adhd_30,1,1.0
child_adhd_30,1,0.0
child_adhd_30,1,1.0
child_adhd_30,1,0.0
child_adhd_30,1,0.0
child_adhd_30,1,1.0
child_adhd_30,1,0.0
child_adhd_30,1,1.0
child_adhd_30,1,1.0
child_adhd_30,1,1.0
child_adhd_31,1,0.0
child_adhd_31,1,0.0
child_adhd_31,1,1.0
child_adhd_31,1,1.0
child_adhd_31,1,1.0
child_adhd_31,1,0.0
child_adhd_31,1,1.0
child_adhd_31,1,1.0
child_adhd_31,1,1.0
child_adhd_31,1,0.0
child_adhd_31,1,1.0
child_adhd_31,1,1.0
child_adhd_31,1,1.0
child_adhd_31,1,0.0
child_adhd_31,1,1.0
child_adhd_31,1,1.0
child_adhd_31,1,0.0
child_adhd_31,1,1.0
child_adhd_31,1,1.0
child_adhd_31,1,0.0
child_adhd_31,1,0.0
child_adhd_31,1,1.0
child_adhd_31,1,0.0
child_adhd_31,1,1.0
child_adhd_31,1,0.0
child_adhd_31,1,1.0
child_adhd_31,1,0.0
child_adhd_31,1,1.0
child_adhd_31,1,1.0
child_adhd_31,1,1.0
child_adhd_31,1,1.0
child_adhd_32,1,0.0
child_adhd_32,1,1.0
child_adhd_32,1,0.0
child_adhd_32,1,0.0
child_adhd_32,1,0.0
child_adhd_32,1,0.0
child_adhd_32,1,1.0
child_adhd_32,1,1.0
child_adhd_32,1,0.0
child_adhd_32,1,0.0
child_adhd_32,1,1.0
child_adhd_32,1,0.0
child_adhd_32,1,0.0
child_adhd_32,1,0.0
child_adhd_32,1,1.0
child_adhd_32,1,1.0
child_adhd_32,1,0.0
child_adhd_32,1,0.0
child_adhd_32,1,1.0
child_adhd_32,1,1.0
child_adhd_32,1,0.0
child_adhd_32,1,1.0
child_adhd_32,1,0.0
child_adhd_33,1,0.0
child_adhd_33,1,1.0
child_adhd_33,1,0.0
child_adhd_33,1,1.0
child_adhd_33,1,0.0
child_adhd_33,1,0.0
child_adhd_33,1,1.0
child_adhd_33,1,0.0
child_adhd_33,1,1.0
child_adhd_33,1,0.0
child_adhd_33,1,0.0
child_adhd_33,1,0.0
child_adhd_33,1,1.0
child_adhd_33,1,0.0
child_adhd_33,1,1.0
child_adhd_33,1,0.0
child_adhd_33,1,1.0
child_adhd_33,1,0.0
child_adhd_33,1,1.0
child_adhd_34,1,1.0
child_adhd_34,1,1.0
child_adhd_34,1,1.0
child_adhd_34,1,1.0
child_adhd_34,1,1.0
child_adhd_34,1,0.0
child_adhd_34,1,0.0
child_adhd_34,1,1.0
child_adhd_34,1,1.0
child_adhd_34,1,1.0
child_adhd_34,1,0.0
child_adhd_34,1,0.0
child_adhd_34,1,0.0
child_adhd_34,1,1.0
child_adhd_34,1,0.0
child_adhd_34,1,0.0
child_adhd_34,1,0.0
child_adhd_34,1,0.0
child_adhd_34,1,1.0
child_adhd_34,1,0.0
child_adhd_34,1,1.0
child_adhd_34,1,0.0
child_adhd_34,1,0.0
child_adhd_34,1,0.0
child_adhd_34,1,0.0
child_adhd_34,1,0.0
child_adhd_34,1,0.0
child_adhd_34,1,1.0
child_adhd_34,1,0.0
child_adhd_34,1,1.0
child_adhd_34,1,1.0
child_adhd_34,1,1.0
child_adhd_34,1,0.0
child_adhd_34,1,0.0
child_adhd_34,1,0.0
child_adhd_35,1,0.0
child_adhd_35,1,1.0
child_adhd_35,1,0.0
child_adhd_35,1,0.0
child_adhd_35,1,1.0
child_adhd_35,1,1.0
child_adhd_35,1,1.0
child_adhd_35,1,0.0
child_adhd_35,1,0.0
child_adhd_35,1,1.0
child_adhd_35,1,0.0
child_adhd_35,1,0.0
child_adhd_35,1,0.0
child_adhd_35,1,0.0
child_adhd_35,1,0.0
child_adhd_35,1,0.0
child_adhd_35,1,1.0
child_adhd_35,1,1.0
child_adhd_35,1,1.0
child_adhd_35,1,0.0
child_adhd_35,1,0.0
child_adhd_35,1,0.0
child_adhd_35,1,1.0
child_adhd_35,1,1.0
child_adhd_35,1,0.0
child_adhd_35,1,1.0
child_adhd_35,1,0.0
child_adhd_35,1,1.0
child_adhd_35,1,1.0
child_adhd_36,1,1.0
child_adhd_36,1,1.0
child_adhd_36,1,1.0
child_adhd_36,1,0.0
child_adhd_36,1,1.0
child_adhd_36,1,0.0
child_adhd_36,1,1.0
child_adhd_36,1,1.0
child_adhd_36,1,1.0
child_adhd_36,1,0.0
child_adhd_36,1,1.0
child_adhd_36,1,1.0
child_adhd_36,1,1.0
child_adhd_36,1,0.0
child_adhd_36,1,0.0
child_adhd_36,1,0.0
child_adhd_36,1,0.0
child_adhd_36,1,1.0
child_adhd_36,1,0.0
child_adhd_36,1,1.0
child_adhd_36,1,0.0
child_adhd_36,1,0.0
child_adhd_36,1,1.0
child_adhd_36,1,1.0
child_adhd_36,1,0.0
child_adhd_37,1,1.0
child_adhd_37,1,1.0
child_adhd_37,1,0.0
child_adhd_37,1,1.0
child_adhd_37,1,1.0
child_adhd_37,1,1.0
child_adhd_37,1,0.0
child_adhd_37,1,1.0
child_adhd_37,1,0.0
child_adhd_37,1,0.0
child_adhd_37,1,0.0
child_adhd_37,1,0.0
child_adhd_37,1,1.0
child_adhd_37,1,1.0
child_adhd_37,1,1.0
child_adhd_37,1,0.0
child_adhd_37,1,0.0
child_adhd_37,1,0.0
child_adhd_37,1,1.0
child_adhd_37,1,0.0
child_adhd_37,1,1.0
child_adhd_37,1,1.0
child_adhd_37,1,0.0
child_adhd_37,1,1.0
child_adhd_37,1,0.0
child_adhd_37,1,1.0
child_adhd_37,1,1.0
child_adhd_37,1,0.0
child_adhd_37,1,0.0
child_adhd_37,1,1.0
child_adhd_37,1,1.0
child_adhd_37,1,0.0
child_adhd_37,1,1.0
child_adhd_37,1,1.0
child_adhd_37,1,1.0
child_adhd_37,1,0.0
child_adhd_37,1,1.0
child_adhd_38,1,1.0
child_adhd_38,1,0.0
child_adhd_38,1,0.0
child_adhd_38,1,1.0
child_adhd_38,1,0.0
child_adhd_38,1,1.0
child_adhd_38,1,0.0
child_adhd_38,1,0.0
child_adhd_38,1,1.0
child_adhd_38,1,0.0
child_adhd_38,1,1.0
child_adhd_38,1,0.0
child_adhd_38,1,1.0
child_adhd_38,1,0.0
child_adhd_38,1,0.0
child_adhd_38,1,1.0
child_adhd_38,1,0.0
child_adhd_38,1,1.0
child_adhd_38,1,0.0
child_adhd_38,1,1.0
child_adhd_38,1,0.0
child_adhd_38,1,1.0
child_adhd_38,1,0.0
child_adhd_39,1,0.0
child_adhd_39,1,0.0
child_adhd_39,1,0.0
child_adhd_39,1,1.0
child_adhd_39,1,0.0
child_adhd_39,1,1.0
child_adhd_39,1,0.0
child_adhd_39,1,0.0
child_adhd_39,1,1.0
child_adhd_39,1,1.0
child_adhd_39,1,0.0
child_adhd_39,1,0.0
child_adhd_39,1,0.0
child_adhd_39,1,1.0
child_adhd_39,1,1.0
child_adhd_39,1,0.0
child_adhd_39,1,1.0
child_adhd_39,1,1.0
child_adhd_39,1,1.0
child_adhd_39,1,1.0
child_adhd_39,1,0.0
child_adhd_39,1,0.0
child_adhd_39,1,0.0
child_adhd_39,1,0.0
child_adhd_39,1,1.0
child_adhd_39,1,1.0
child_adhd_39,1,0.0
child_adhd_39,1,0.0
child_adhd_39,1,0.0
child_adhd_39,1,1.0
child_adhd_39,1,0.0
child_adhd_39,1,1.0
child_adhd_39,1,0.0
child_adhd_39,1,0.0
child_adhd_39,1,1.0
child_adhd_39,1,1.0
child_adhd_39,1,0.0
child_adhd_39,1,1.0
child_adhd_40,1,1.0
child_adhd_40,1,1.0
child_adhd_40,1,0.0
child_adhd_40,1,1.0
child_adhd_40,1,0.0
child_adhd_40,1,1.0
child_adhd_40,1,0.0
child_adhd_40,1,0.0
child_adhd_40,1,0.0
child_adhd_40,1,1.0
child_adhd_40,1,0.0
child_adhd_40,1,1.0
child_adhd_40,1,1.0
child_adhd_40,1,0.0
child_adhd_40,1,1.0
child_adhd_40,1,0.0
child_adhd_40,1,1.0
child_adhd_40,1,0.0
child_adhd_40,1,1.0
child_adhd_40,1,1.0
child_adhd_40,1,1.0
child_adhd_40,1,1.0
child_adhd_40,1,0.0
child_adhd_40,1,1.0
child_adhd_40,1,1.0
child_adhd_40,1,1.0
child_adhd_40,1,0.0
child_adhd_40,1,1.0
child_adhd_40,1,1.0
child_adhd_40,1,1.0
child_adhd_40,1,0.0
child_adhd_40,1,1.0
child_adhd_40,1,0.0
child_adhd_40,1,1.0
child_adhd_40,1,0.0
child_adhd_40,1,1.0
child_adhd_40,1,1.0
child_adhd_40,1,0.0
child_adhd_41,1,1.0
child_adhd_41,1,0.0
child_adhd_41,1,1.0
child_adhd_41,1,1.0
child_adhd_41,1,1.0
child_adhd_41,1,1.0
child_adhd_41,1,1.0
child_adhd_41,1,0.0
child_adhd_41,1,0.0
child_adhd_41,1,1.0
child_adhd_41,1,1.0
child_adhd_41,1,1.0
child_adhd_41,1,1.0
child_adhd_41,1,0.0
child_adhd_41,1,1.0
child_adhd_41,1,0.0
child_adhd_41,1,1.0
child_adhd_41,1,0.0
child_adhd_41,1,0.0
child_adhd_41,1,0.0
child_adhd_41,1,0.0
child_adhd_41,1,1.0
child_adhd_41,1,0.0
child_adhd_41,1,0.0
child_adhd_41,1,0.0
child_adhd_41,1,0.0
child_adhd_41,1,0.0
child_adhd_41,1,0.0
child_adhd_41,1,1.0
child_adhd_41,1,1.0
child_adhd_41,1,1.0
child_adhd_41,1,0.0
child_adhd_41,1,0.0
child_adhd_41,1,1.0
child_adhd_41,1,1.0
child_adhd_41,1,0.0
child_adhd_41,1,0.0
child_adhd_41,1,0.0
child_adhd_41,1,0.0
child_adhd_41,1,0.0
child_adhd_41,1,1.0
child_adhd_41,1,1.0
child_adhd_41,1,1.0
child_adhd_41,1,1.0
child_adhd_41,1,1.0
child_adhd_41,1,1.0
child_adhd_41,1,1.0
child_adhd_41,1,0.0
child_adhd_41,1,0.0
child_adhd_41,1,0.0
child_adhd_41,1,1.0
child_adhd_41,1,1.0
child_adhd_41,1,0.0
child_adhd_41,1,1.0
child_adhd_41,1,0.0
child_adhd_41,1,1.0
child_adhd_41,1,0.0
child_adhd_41,1,0.0
child_adhd_42,1,0.0
child_adhd_42,1,0.0
child_adhd_42,1,0.0
child_adhd_42,1,0.0
child_adhd_42,1,1.0
child_adhd_42,1,1.0
child_adhd_42,1,0.0
child_adhd_42,1,1.0
child_adhd_42,1,1.0
child_adhd_42,1,0.0
child_adhd_42,1,0.0
child_adhd_42,1,0.0
child_adhd_42,1,0.0
child_adhd_42,1,1.0
child_adhd_42,1,0.0
child_adhd_42,1,1.0
child_adhd_42,1,1.0
child_adhd_42,1,0.0
child_adhd_42,1,1.0
child_adhd_42,1,0.0
child_adhd_42,1,1.0
child_adhd_42,1,0.0
child_adhd_42,1,1.0
child_adhd_43,1,1.0
child_adhd_43,1,0.0
child_adhd_43,1,1.0
child_adhd_43,1,1.0
child_adhd_43,1,1.0
child_adhd_43,1,1.0
child_adhd_43,1,1.0
child_adhd_43,1,0.0
child_adhd_43,1,0.0
child_adhd_43,1,1.0
child_adhd_43,1,0.0
child_adhd_43,1,1.0
child_adhd_43,1,1.0
child_adhd_43,1,0.0
child_adhd_43,1,0.0
child_adhd_43,1,1.0
child_adhd_43,1,0.0
child_adhd_43,1,1.0
child_adhd_43,1,0.0
child_adhd_43,1,1.0
child_adhd_43,1,0.0
child_adhd_43,1,1.0
child_adhd_43,1,0.0
child_adhd_43,1,1.0
child_adhd_43,1,0.0
child_adhd_43,1,1.0
child_adhd_43,1,1.0
child_adhd_43,1,0.0
child_adhd_43,1,0.0
child_adhd_43,1,0.0
child_adhd_43,1,1.0
child_adhd_43,1,1.0
child_adhd_43,1,1.0
child_adhd_43,1,0.0
child_adhd_43,1,0.0
child_adhd_43,1,1.0
child_adhd_43,1,0.0
child_adhd_43,1,1.0
child_adhd_43,1,0.0
child_adhd_43,1,1.0
child_adhd_44,1,0.0
child_adhd_44,1,0.0
child_adhd_44,1,1.0
child_adhd_44,1,1.0
child_adhd_44,1,1.0
child_adhd_44,1,0.0
child_adhd_44,1,0.0
child_adhd_44,1,1.0
child_adhd_44,1,1.0
child_adhd_44,1,0.0
child_adhd_44,1,0.0
child_adhd_44,1,0.0
child_adhd_44,1,1.0
child_adhd_44,1,0.0
child_adhd_44,1,0.0
child_adhd_44,1,0.0
child_adhd_44,1,0.0
child_adhd_44,1,0.0
child_adhd_44,1,1.0
child_adhd_44,1,0.0
child_adhd_44,1,1.0
child_adhd_44,1,0.0
child_adhd_44,1,1.0
child_adhd_44,1,1.0
child_adhd_44,1,1.0
child_adhd_44,1,1.0
child_adhd_44,1,0.0
child_adhd_44,1,0.0
child_adhd_44,1,1.0
child_adhd_44,1,1.0
child_adhd_44,1,1.0
child_adhd_44,1,1.0
child_adhd_44,1,1.0
child_adhd_44,1,0.0
child_adhd_44,1,0.0
child_adhd_44,1,1.0
child_adhd_44,1,1.0
child_adhd_44,1,0.0
child_adhd_44,1,1.0
child_adhd_44,1,0.0
child_adhd_44,1,1.0
child_adhd_44,1,0.0
child_adhd_44,1,0.0
child_adhd_44,1,1.0
child_adhd_44,1,0.0
child_adhd_44,1,1.0
child_adhd_44,1,1.0
child_adhd_44,1,1.0
child_adhd_44,1,0.0
child_adhd_44,1,0.0
child_adhd_44,1,0.0
child_adhd_44,1,1.0
child_adhd_45,1,1.0
child_adhd_45,1,1.0
child_adhd_45,1,1.0
child_adhd_45,1,1.0
child_adhd_45,1,1.0
child_adhd_45,1,0.0
child_adhd_45,1,1.0
child_adhd_45,1,0.0
child_adhd_45,1,1.0
child_adhd_45,1,1.0
child_adhd_45,1,1.0
child_adhd_45,1,0.0
child_adhd_45,1,0.0
child_adhd_45,1,0.0
child_adhd_45,1,0.0
child_adhd_45,1,0.0
child_adhd_45,1,1.0
child_adhd_45,1,1.0
child_adhd_45,1,0.0
child_adhd_45,1,0.0
child_adhd_45,1,0.0
child_adhd_45,1,1.0
child_adhd_45,1,1.0
child_adhd_45,1,1.0
child_adhd_45,1,0.0
child_adhd_45,1,1.0
child_adhd_45,1,1.0
child_adhd_45,1,0.0
child_adhd_45,1,1.0
child_adhd_45,1,0.0
child_adhd_45,1,1.0
child_adhd_45,1,0.0
child_adhd_45,1,1.0
child_adhd_45,1,1.0
child_adhd_45,1,1.0
child_adhd_45,1,1.0
child_adhd_45,1,0.0
child_adhd_45,1,0.0
child_adhd_45,1,0.0
child_adhd_45,1,0.0
child_adhd_45,1,1.0
child_adhd_45,1,0.0
child_adhd_45,1,1.0
child_adhd_45,1,1.0
child_adhd_45,1,1.0
child_adhd_45,1,0.0
child_adhd_45,1,1.0
child_adhd_45,1,1.0
child_adhd_45,1,0.0
child_adhd_45,1,1.0
child_adhd_45,1,1.0
child_adhd_45,1,0.0
child_adhd_45,1,1.0
child_adhd_46,1,0.0
child_adhd_46,1,0.0
child_adhd_46,1,0.0
child_adhd_46,1,0.0
child_adhd_46,1,0.0
child_adhd_46,1,0.0
child_adhd_46,1,1.0
child_adhd_46,1,1.0
child_adhd_46,1,1.0
child_adhd_46,1,0.0
child_adhd_46,1,0.0
child_adhd_46,1,1.0
child_adhd_46,1,0.0
child_adhd_46,1,0.0
child_adhd_46,1,1.0
child_adhd_46,1,0.0
child_adhd_46,1,1.0
child_adhd_46,1,1.0
child_adhd_46,1,0.0
child_adhd_46,1,0.0
child_adhd_46,1,1.0
child_adhd_46,1,0.0
child_adhd_46,1,0.0
child_adhd_46,1,1.0
child_adhd_46,1,0.0
child_adhd_46,1,1.0
child_adhd_46,1,1.0
child_adhd_46,1,0.0
child_adhd_46,1,0.0
child_adhd_46,1,0.0
child_adhd_46,1,0.0
child_adhd_46,1,0.0
child_adhd_46,1,1.0
child_adhd_46,1,0.0
child_adhd_46,1,1.0
child_adhd_46,1,1.0
child_adhd_46,1,1.0
child_adhd_47,1,1.0
child_adhd_47,1,0.0
child_adhd_47,1,1.0
child_adhd_47,1,1.0
child_adhd_47,1,0.0
child_adhd_47,1,0.0
child_adhd_47,1,1.0
child_adhd_47,1,0.0
child_adhd_47,1,0.0
child_adhd_47,1,0.0
child_adhd_47,1,0.0
child_adhd_47,1,1.0
child_adhd_47,1,1.0
child_adhd_47,1,1.0
child_adhd_47,1,0.0
child_adhd_47,1,0.0
child_adhd_47,1,0.0
child_adhd_47,1,0.0
child_adhd_47,1,0.0
child_adhd_47,1,1.0
child_adhd_47,1,0.0
child_adhd_47,1,1.0
child_adhd_47,1,0.0
child_adhd_47,1,0.0
child_adhd_47,1,0.0
child_adhd_47,1,1.0
child_adhd_47,1,1.0
child_adhd_47,1,1.0
child_adhd_47,1,0.0
child_adhd_47,1,0.0
child_adhd_47,1,1.0
child_adhd_47,1,0.0
child_adhd_47,1,1.0
child_adhd_47,1,0.0
child_adhd_47,1,0.0
child_adhd_47,1,0.0
child_adhd_47,1,0.0
child_adhd_47,1,1.0
child_adhd_47,1,0.0
child_adhd_47,1,0.0
child_adhd_47,1,0.0
child_adhd_47,1,0.0
child_adhd_47,1,1.0
child_adhd_47,1,1.0
child_adhd_47,1,1.0
child_adhd_47,1,1.0
child_adhd_47,1,0.0
child_adhd_47,1,1.0
child_adhd_47,1,0.0
child_adhd_47,1,0.0
child_adhd_47,1,1.0
child_adhd_47,1,0.0
child_adhd_47,1,1.0
child_adhd_47,1,0.0
child_adhd_47,1,1.0
child_adhd_47,1,1.0
child_adhd_47,1,1.0
child_adhd_47,1,1.0
child_adhd_47,1,1.0
child_adhd_47,1,0.0
child_adhd_47,1,1.0
child_adhd_47,1,0.0
child_adhd_47,1,1.0
child_adhd_47,1,1.0
child_adhd_47,1,1.0
child_adhd_48,1,0.0
child_adhd_48,1,0.0
child_adhd_48,1,1.0
child_adhd_48,1,0.0
child_adhd_48,1,0.0
child_adhd_48,1,0.0
child_adhd_48,1,1.0
child_adhd_48,1,1.0
child_adhd_48,1,0.0
child_adhd_48,1,0.0
child_adhd_48,1,0.0
child_adhd_48,1,1.0
child_adhd_48,1,1.0
child_adhd_48,1,0.0
child_adhd_48,1,0.0
child_adhd_48,1,0.0
child_adhd_48,1,1.0
child_adhd_48,1,1.0
child_adhd_48,1,0.0
child_adhd_48,1,0.0
child_adhd_48,1,0.0
child_adhd_48,1,1.0
child_adhd_48,1,0.0
child_adhd_48,1,1.0
child_adhd_48,1,1.0
child_adhd_49,1,0.0
child_adhd_49,1,0.0
child_adhd_49,1,0.0
child_adhd_49,1,1.0
child_adhd_49,1,1.0
child_adhd_49,1,1.0
child_adhd_49,1,1.0
child_adhd_49,1,0.0
child_adhd_49,1,1.0
child_adhd_49,1,1.0
child_adhd_49,1,0.0
child_adhd_49,1,1.0
child_adhd_49,1,1.0
child_adhd_49,1,1.0
child_adhd_49,1,1.0
child_adhd_49,1,1.0
child_adhd_49,1,1.0
child_adhd_49,1,0.0
child_adhd_50,1,0.0
child_adhd_50,1,1.0
child_adhd_50,1,0.0
child_adhd_50,1,0.0
child_adhd_50,1,0.0
child_adhd_50,1,0.0
child_adhd_50,1,1.0
child_adhd_50,1,1.0
child_adhd_50,1,0.0
child_adhd_50,1,0.0
child_adhd_50,1,0.0
child_adhd_50,1,1.0
child_adhd_50,1,1.0
child_adhd_50,1,0.0
child_adhd_50,1,1.0
child_adhd_50,1,1.0
child_adhd_50,1,1.0
child_adhd_50,1,1.0
child_adhd_50,1,0.0
child_adhd_50,1,1.0
child_adhd_50,1,0.0
child_adhd_50,1,1.0
child_adhd_50,1,1.0
child_adhd_50,1,1.0
child_adhd_50,1,1.0
child_adhd_50,1,0.0
child_adhd_50,1,1.0
child_adhd_50,1,1.0
child_adhd_50,1,1.0
child_adhd_50,1,0.0
child_adhd_50,1,0.0
child_adhd_50,1,0.0
child_adhd_50,1,1.0
child_adhd_50,1,1.0
child_adhd_50,1,0.0
child_adhd_50,1,1.0
child_adhd_50,1,1.0
child_adhd_50,1,1.0
child_adhd_50,1,1.0
child_adhd_50,1,1.0
child_adhd_50,1,1.0
child_adhd_50,1,0.0
child_adhd_50,1,1.0
child_adhd_50,1,1.0
child_adhd_50,1,1.0
child_adhd_50,1,1.0
child_adhd_50,1,1.0
child_adhd_50,1,0.0
child_adhd_50,1,0.0
child_adhd_50,1,0.0
child_adhd_50,1,0.0
child_adhd_50,1,1.0
child_adhd_50,1,1.0
child_adhd_50,1,0.0
child_adhd_50,1,0.0
child_adhd_50,1,1.0
child_adhd_50,1,0.0
child_adhd_50,1,1.0
child_adhd_50,1,1.0
child_adhd_50,1,1.0
child_adhd_50,1,0.0
child_adhd_50,1,0.0
child_adhd_50,1,1.0
child_adhd_50,1,1.0
child_adhd_50,1,0.0
child_adhd_50,1,1.0
child_adhd_50,1,0.0
child_adhd_50,1,1.0
child_adhd_50,1,0.0
child_adhd_50,1,1.0
child_adhd_50,1,0.0
child_adhd_50,1,0.0
child_adhd_50,1,0.0
child_adhd_50,1,0.0
child_adhd_50,1,1.0
child_adhd_51,1,1.0
child_adhd_51,1,0.0
child_adhd_51,1,0.0
child_adhd_51,1,1.0
child_adhd_51,1,1.0
child_adhd_51,1,1.0
child_adhd_51,1,0.0
child_adhd_51,1,0.0
child_adhd_51,1,1.0
child_adhd_51,1,0.0
child_adhd_51,1,1.0
child_adhd_51,1,0.0
child_adhd_51,1,1.0
child_adhd_51,1,0.0
child_adhd_51,1,1.0
child_adhd_51,1,0.0
child_adhd_51,1,1.0
child_adhd_51,1,0.0
child_adhd_51,1,1.0
child_adhd_51,1,1.0
child_adhd_51,1,1.0
child_adhd_51,1,1.0
child_adhd_51,1,1.0
child_adhd_51,1,1.0
child_adhd_51,1,0.0
child_adhd_51,1,1.0
child_adhd_51,1,0.0
child_adhd_51,1,0.0
child_adhd_51,1,0.0
child_adhd_51,1,0.0
child_adhd_51,1,1.0
child_adhd_51,1,1.0
child_adhd_51,1,1.0
child_adhd_51,1,1.0
child_adhd_51,1,0.0
child_adhd_51,1,0.0
child_adhd_51,1,0.0
child_adhd_51,1,0.0
child_adhd_51,1,0.0
child_adhd_51,1,0.0
child_adhd_52,1,1.0
child_adhd_52,1,1.0
child_adhd_52,1,1.0
child_adhd_52,1,1.0
child_adhd_52,1,1.0
child_adhd_52,1,0.0
child_adhd_52,1,1.0
child_adhd_52,1,1.0
child_adhd_52,1,0.0
child_adhd_52,1,0.0
child_adhd_52,1,1.0
child_adhd_52,1,0.0
child_adhd_52,1,1.0
child_adhd_52,1,1.0
child_adhd_52,1,0.0
child_adhd_52,1,0.0
child_adhd_52,1,0.0
child_adhd_52,1,0.0
child_adhd_52,1,0.0
child_adhd_52,1,1.0
child_adhd_52,1,0.0
child_adhd_52,1,1.0
child_adhd_52,1,0.0
child_adhd_52,1,1.0
child_adhd_52,1,0.0
child_adhd_52,1,0.0
child_adhd_53,1,1.0
child_adhd_53,1,1.0
child_adhd_53,1,0.0
child_adhd_53,1,1.0
child_adhd_53,1,0.0
child_adhd_53,1,0.0
child_adhd_53,1,0.0
child_adhd_53,1,0.0
child_adhd_53,1,1.0
child_adhd_53,1,0.0
child_adhd_53,1,0.0
child_adhd_53,1,1.0
child_adhd_53,1,1.0
child_adhd_53,1,0.0
child_adhd_53,1,1.0
child_adhd_53,1,0.0
child_adhd_53,1,1.0
child_adhd_53,1,1.0
child_adhd_53,1,1.0
child_adhd_54,1,0.0
child_adhd_54,1,0.0
child_adhd_54,1,0.0
child_adhd_54,1,0.0
child_adhd_54,1,0.0
child_adhd_54,1,1.0
child_adhd_54,1,0.0
child_adhd_54,1,0.0
child_adhd_54,1,1.0
child_adhd_54,1,0.0
child_adhd_54,1,1.0
child_adhd_54,1,0.0
child_adhd_54,1,0.0
child_adhd_54,1,0.0
child_adhd_54,1,0.0
child_adhd_54,1,1.0
child_adhd_54,1,0.0
child_adhd_54,1,1.0
child_adhd_54,1,0.0
child_adhd_54,1,0.0
child_adhd_54,1,1.0
child_adhd_54,1,0.0
child_adhd_54,1,1.0
child_adhd_54,1,1.0
child_adhd_54,1,1.0
child_adhd_54,1,1.0
child_adhd_54,1,0.0
child_adhd_54,1,0.0
child_adhd_54,1,0.0
child_adhd_54,1,1.0
child_adhd_54,1,1.0
child_adhd_54,1,0.0
child_adhd_54,1,1.0
child_adhd_54,1,0.0
child_adhd_54,1,1.0
child_adhd_55,1,0.0
child_adhd_55,1,1.0
child_adhd_55,1,1.0
child_adhd_55,1,0.0
child_adhd_55,1,0.0
child_adhd_55,1,0.0
child_adhd_55,1,0.0
child_adhd_55,1,0.0
child_adhd_55,1,1.0
child_adhd_55,1,1.0
child_adhd_55,1,1.0
child_adhd_55,1,0.0
child_adhd_55,1,1.0
child_adhd_55,1,1.0
child_adhd_55,1,0.0
child_adhd_55,1,1.0
child_adhd_55,1,1.0
child_adhd_55,1,0.0
child_adhd_55,1,0.0
child_adhd_55,1,0.0
child_adhd_55,1,0.0
child_adhd_55,1,1.0
child_adhd_55,1,1.0
child_adhd_55,1,1.0
child_adhd_55,1,0.0
child_adhd_55,1,0.0
child_adhd_55,1,1.0
child_adhd_55,1,1.0
child_adhd_55,1,0.0
child_adhd_55,1,1.0
child_adhd_55,1,1.0
child_adhd_55,1,0.0
child_adhd_55,1,0.0
child_adhd_55,1,1.0
child_adhd_56,1,0.0
child_adhd_56,1,0.0
child_adhd_56,1,0.0
child_adhd_56,1,0.0
child_adhd_56,1,1.0
child_adhd_56,1,1.0
child_adhd_56,1,0.0
child_adhd_56,1,1.0
child_adhd_56,1,1.0
child_adhd_56,1,1.0
child_adhd_56,1,0.0
child_adhd_56,1,0.0
child_adhd_56,1,1.0
child_adhd_56,1,1.0
child_adhd_56,1,0.0
child_adhd_56,1,0.0
child_adhd_56,1,0.0
child_adhd_56,1,1.0
child_adhd_56,1,1.0
child_adhd_56,1,0.0
child_adhd_56,1,0.0
child_adhd_56,1,1.0
child_adhd_56,1,1.0
child_adhd_56,1,0.0
child_adhd_56,1,1.0
child_adhd_56,1,1.0
child_adhd_56,1,0.0
child_adhd_56,1,1.0
child_adhd_56,1,0.0
child_adhd_56,1,1.0
child_adhd_56,1,1.0
child_adhd_56,1,1.0
child_adhd_56,1,1.0
child_adhd_56,1,0.0
child_adhd_56,1,1.0
child_adhd_56,1,1.0
child_adhd_56,1,0.0
child_adhd_56,1,1.0
child_adhd_56,1,1.0
child_adhd_56,1,0.0
child_adhd_56,1,1.0
child_adhd_56,1,1.0
child_adhd_56,1,0.0
child_adhd_56,1,1.0
child_adhd_56,1,0.0
child_adhd_57,1,0.0
child_adhd_57,1,0.0
child_adhd_57,1,1.0
child_adhd_57,1,1.0
child_adhd_57,1,0.0
child_adhd_57,1,0.0
child_adhd_57,1,1.0
child_adhd_57,1,0.0
child_adhd_57,1,1.0
child_adhd_57,1,1.0
child_adhd_57,1,1.0
child_adhd_57,1,1.0
child_adhd_57,1,0.0
child_adhd_57,1,1.0
child_adhd_57,1,1.0
child_adhd_57,1,1.0
child_adhd_57,1,0.0
child_adhd_57,1,1.0
child_adhd_57,1,0.0
child_adhd_57,1,0.0
child_adhd_57,1,0.0
child_adhd_57,1,1.0
child_adhd_57,1,1.0
child_adhd_57,1,1.0
child_adhd_57,1,1.0
child_adhd_57,1,0.0
child_adhd_57,1,1.0
child_adhd_57,1,0.0
child_adhd_57,1,1.0
child_adhd_57,1,1.0
child_adhd_57,1,1.0
child_adhd_57,1,1.0
child_adhd_58,1,0.0
child_adhd_58,1,0.0
child_adhd_58,1,1.0
child_adhd_58,1,0.0
child_adhd_58,1,0.0
child_adhd_58,1,0.0
child_adhd_58,1,1.0
child_adhd_58,1,0.0
child_adhd_58,1,0.0
child_adhd_58,1,1.0
child_adhd_58,1,1.0
child_adhd_58,1,0.0
child_adhd_58,1,0.0
child_adhd_58,1,0.0
child_adhd_58,1,0.0
child_adhd_58,1,0.0
child_adhd_58,1,1.0
child_adhd_58,1,1.0
child_adhd_58,1,1.0
child_adhd_58,1,0.0
child_adhd_58,1,1.0
child_adhd_58,1,0.0
child_adhd_58,1,1.0
child_adhd_58,1,1.0
child_adhd_58,1,0.0
child_adhd_58,1,1.0
child_adhd_58,1,0.0
child_adhd_58,1,1.0
child_adhd_58,1,0.0
child_adhd_58,1,0.0
child_adhd_58,1,1.0
child_adhd_58,1,0.0
child_adhd_58,1,1.0
child_adhd_58,1,0.0
child_adhd_58,1,1.0
child_adhd_58,1,1.0
child_adhd_58,1,1.0
child_adhd_58,1,0.0
child_adhd_59,1,0.0
child_adhd_59,1,0.0
child_adhd_59,1,0.0
child_adhd_59,1,1.0
child_adhd_59,1,1.0
child_adhd_59,1,1.0
child_adhd_59,1,1.0
child_adhd_59,1,1.0
child_adhd_59,1,1.0
child_adhd_59,1,0.0
child_adhd_59,1,1.0
child_adhd_59,1,1.0
child_adhd_59,1,1.0
child_adhd_59,1,0.0
child_adhd_59,1,0.0
child_adhd_59,1,0.0
child_adhd_59,1,1.0
child_adhd_59,1,1.0
child_adhd_59,1,0.0
child_adhd_59,1,1.0
child_adhd_59,1,0.0
child_adhd_59,1,0.0
child_adhd_59,1,0.0
child_adhd_59,1,1.0
child_adhd_59,1,1.0
child_adhd_59,1,0.0
child_adhd_59,1,1.0
child_adhd_59,1,0.0
child_adhd_59,1,1.0
child_adhd_60,1,1.0
child_adhd_60,1,1.0
child_adhd_60,1,0.0
child_adhd_60,1,1.0
child_adhd_60,1,1.0
child_adhd_60,1,0.0
child_adhd_60,1,1.0
child_adhd_60,1,0.0
child_adhd_60,1,1.0
child_adhd_60,1,0.0
child_adhd_60,1,1.0
child_adhd_60,1,1.0
child_adhd_60,1,0.0
child_adhd_60,1,0.0
child_adhd_60,1,0.0
child_adhd_60,1,0.0
child_adhd_60,1,0.0
child_adhd_60,1,1.0
child_adhd_60,1,0.0
child_adhd_60,1,0.0
child_adhd_60,1,1.0
child_adhd_61,1,0.0
child_adhd_61,1,1.0
child_adhd_61,1,1.0
child_adhd_61,1,1.0
child_adhd_61,1,1.0
child_adhd_61,1,1.0
child_adhd_61,1,0.0
child_adhd_61,1,0.0
child_adhd_61,1,0.0
child_adhd_61,1,1.0
child_adhd_61,1,0.0
child_adhd_61,1,1.0
child_adhd_61,1,1.0
child_adhd_61,1,1.0
child_adhd_61,1,1.0
child_adhd_61,1,0.0
child_adhd_61,1,1.0
child_adhd_61,1,1.0
child_adhd_61,1,0.0
child_adhd_61,1,0.0
child_adhd_61,1,1.0
child_adhd_61,1,1.0
child_adhd_61,1,1.0
child_adhd_61,1,1.0
child_adhd_61,1,1.0
child_adhd_61,1,1.0
child_adhd_61,1,0.0
child_adhd_61,1,0.0
child_adhd_61,1,0.0
child_adhd_61,1,1.0
child_adhd_61,1,1.0
child_adhd_61,1,1.0
child_adhd_61,1,0.0
child_adhd_61,1,1.0
child_adhd_61,1,1.0
child_adhd_61,1,1.0
child_adhd_61,1,1.0
child_adhd_61,1,0.0
child_control_1,0,1.0
child_control_1,0,0.0
child_control_1,0,0.0
child_control_1,0,0.0
child_control_1,0,1.0
child_control_1,0,1.0
child_control_1,0,1.0
child_control_1,0,1.0
child_control_1,0,1.0
child_control_1,0,1.0
child_control_1,0,0.0
child_control_1,0,0.0
child_control_1,0,0.0
child_control_1,0,0.0
child_control_1,0,0.0
child_control_1,0,0.0
child_control_1,0,0.0
child_control_1,0,1.0
child_control_1,0,0.0
child_control_1,0,0.0
child_control_1,0,0.0
child_control_1,0,1.0
child_control_1,0,0.0
child_control_1,0,0.0
child_control_1,0,1.0
child_control_1,0,0.0
child_control_1,0,0.0
child_control_1,0,0.0
child_control_1,0,0.0
child_control_1,0,0.0
child_control_1,0,0.0
child_control_1,0,1.0
child_control_1,0,1.0
child_control_1,0,1.0
child_control_1,0,0.0
child_control_1,0,1.0
child_control_1,0,0.0
child_control_2,0,0.0
child_control_2,0,1.0
child_control_2,0,0.0
child_control_2,0,0.0
child_control_2,0,1.0
child_control_2,0,1.0
child_control_2,0,0.0
child_control_2,0,1.0
child_control_2,0,1.0
child_control_2,0,0.0
child_control_2,0,0.0
child_control_2,0,0.0
child_control_2,0,0.0
child_control_2,0,0.0
child_control_2,0,1.0
child_control_2,0,1.0
child_control_2,0,1.0
child_control_2,0,0.0
child_control_2,0,1.0
child_control_2,0,1.0
child_control_2,0,1.0
child_control_2,0,0.0
child_control_2,0,1.0
child_control_2,0,0.0
child_control_2,0,0.0
child_control_2,0,0.0
child_control_2,0,1.0
child_control_2,0,1.0
child_control_2,0,0.0
child_control_2,0,0.0
child_control_2,0,0.0
child_control_2,0,0.0
child_control_2,0,0.0
child_control_2,0,0.0
child_control_2,0,1.0
child_control_2,0,0.0
child_control_3,0,0.0
child_control_3,0,0.0
child_control_3,0,1.0
child_control_3,0,1.0
child_control_3,0,1.0
child_control_3,0,0.0
child_control_3,0,1.0
child_control_3,0,0.0
child_control_3,0,1.0
child_control_3,0,1.0
child_control_3,0,1.0
child_control_3,0,1.0
child_control_3,0,1.0
child_control_3,0,0.0
child_control_3,0,1.0
child_control_3,0,0.0
child_control_3,0,1.0
child_control_3,0,0.0
child_control_3,0,0.0
child_control_3,0,0.0
child_control_3,0,0.0
child_control_3,0,0.0
child_control_3,0,1.0
child_control_3,0,0.0
child_control_3,0,0.0
child_control_3,0,1.0
child_control_3,0,0.0
child_control_3,0,1.0
child_control_3,0,1.0
child_control_3,0,1.0
child_control_4,0,1.0
child_control_4,0,0.0
child_control_4,0,1.0
child_control_4,0,0.0
child_control_4,0,0.0
child_control_4,0,1.0
child_control_4,0,0.0
child_control_4,0,1.0
child_control_4,0,1.0
child_control_4,0,1.0
child_control_4,0,1.0
child_control_4,0,0.0
child_control_4,0,0.0
child_control_4,0,1.0
child_control_4,0,0.0
child_control_4,0,1.0
child_control_4,0,1.0
child_control_4,0,1.0
child_control_4,0,0.0
child_control_4,0,0.0
child_control_4,0,0.0
child_control_4,0,0.0
child_control_4,0,1.0
child_control_4,0,0.0
child_control_4,0,0.0
child_control_4,0,0.0
child_control_4,0,1.0
child_control_4,0,1.0
child_control_4,0,0.0
child_control_4,0,0.0
child_control_4,0,0.0
child_control_5,0,0.0
child_control_5,0,1.0
child_control_5,0,1.0
child_control_5,0,0.0
child_control_5,0,0.0
child_control_5,0,1.0
child_control_5,0,0.0
child_control_5,0,1.0
child_control_5,0,0.0
child_control_5,0,0.0
child_control_5,0,0.0
child_control_5,0,1.0
child_control_5,0,1.0
child_control_5,0,0.0
child_control_5,0,0.0
child_control_5,0,0.0
child_control_5,0,0.0
child_control_5,0,0.0
child_control_5,0,0.0
child_control_5,0,1.0
child_control_5,0,0.0
child_control_5,0,0.0
child_control_5,0,1.0
child_control_5,0,0.0
child_control_5,0,1.0
child_control_5,0,0.0
child_control_5,0,1.0
child_control_5,0,1.0
child_control_6,0,1.0
child_control_6,0,1.0
child_control_6,0,0.0
child_control_6,0,1.0
child_control_6,0,0.0
child_control_6,0,0.0
child_control_6,0,0.0
child_control_6,0,1.0
child_control_6,0,0.0
child_control_6,0,1.0
child_control_6,0,1.0
child_control_6,0,1.0
child_control_6,0,1.0
child_control_6,0,0.0
child_control_6,0,0.0
child_control_6,0,0.0
child_control_6,0,0.0
child_control_6,0,0.0
child_control_6,0,0.0
child_control_6,0,0.0
child_control_6,0,1.0
child_control_6,0,1.0
child_control_6,0,0.0
child_control_6,0,1.0
child_control_6,0,0.0
child_control_6,0,0.0
child_control_6,0,1.0
child_control_6,0,0.0
child_control_6,0,0.0
child_control_6,0,1.0
child_control_7,0,1.0
child_control_7,0,1.0
child_control_7,0,1.0
child_control_7,0,1.0
child_control_7,0,0.0
child_control_7,0,0.0
child_control_7,0,0.0
child_control_7,0,0.0
child_control_7,0,1.0
child_control_7,0,0.0
child_control_7,0,1.0
child_control_7,0,1.0
child_control_7,0,1.0
child_control_7,0,1.0
child_control_7,0,1.0
child_control_7,0,0.0
child_control_7,0,1.0
child_control_7,0,0.0
child_control_7,0,1.0
child_control_7,0,0.0
child_control_7,0,1.0
child_control_7,0,1.0
child_control_7,0,0.0
child_control_7,0,0.0
child_control_7,0,1.0
child_control_7,0,0.0
child_control_7,0,1.0
child_control_7,0,1.0
child_control_7,0,0.0
child_control_8,0,0.0
child_control_8,0,0.0
child_control_8,0,1.0
child_control_8,0,0.0
child_control_8,0,1.0
child_control_8,0,0.0
child_control_8,0,1.0
child_control_8,0,1.0
child_control_8,0,1.0
child_control_8,0,0.0
child_control_8,0,1.0
child_control_8,0,1.0
child_control_8,0,1.0
child_control_8,0,1.0
child_control_8,0,0.0
child_control_8,0,0.0
child_control_8,0,1.0
child_control_8,0,0.0
child_control_8,0,1.0
child_control_8,0,1.0
child_control_8,0,0.0
child_control_8,0,1.0
child_control_8,0,0.0
child_control_8,0,1.0
child_control_9,0,1.0
child_control_9,0,1.0
child_control_9,0,0.0
child_control_9,0,0.0
child_control_9,0,1.0
child_control_9,0,1.0
child_control_9,0,1.0
child_control_9,0,0.0
child_control_9,0,0.0
child_control_9,0,0.0
child_control_9,0,1.0
child_control_9,0,0.0
child_control_9,0,0.0
child_control_9,0,1.0
child_control_9,0,0.0
child_control_9,0,1.0
child_control_9,0,1.0
child_control_9,0,1.0
child_control_9,0,0.0
child_control_9,0,0.0
child_control_9,0,1.0
child_control_9,0,1.0
child_control_9,0,1.0
child_control_9,0,0.0
child_control_9,0,1.0
child_control_9,0,1.0
child_control_9,0,1.0
child_control_9,0,1.0
child_control_9,0,1.0
child_control_10,0,1.0
child_control_10,0,0.0
child_control_10,0,0.0
child_control_10,0,0.0
child_control_10,0,0.0
child_control_10,0,0.0
child_control_10,0,0.0
child_control_10,0,0.0
child_control_10,0,0.0
child_control_10,0,1.0
child_control_10,0,1.0
child_control_10,0,0.0
child_control_10,0,1.0
child_control_10,0,1.0
child_control_10,0,0.0
child_control_10,0,0.0
child_control_10,0,0.0
child_control_10,0,1.0
child_control_10,0,1.0
child_control_10,0,0.0
child_control_10,0,0.0
child_control_10,0,0.0
child_control_10,0,0.0
child_control_10,0,0.0
child_control_10,0,0.0
child_control_10,0,1.0
child_control_10,0,1.0
child_control_10,0,0.0
child_control_10,0,1.0
child_control_10,0,0.0
child_control_10,0,0.0
child_control_10,0,0.0
child_control_10,0,1.0
child_control_10,0,1.0
child_control_10,0,1.0
child_control_10,0,0.0
child_control_11,0,1.0
child_control_11,0,0.0
child_control_11,0,1.0
child_control_11,0,1.0
child_control_11,0,0.0
child_control_11,0,1.0
child_control_11,0,1.0
child_control_11,0,0.0
child_control_11,0,1.0
child_control_11,0,0.0
child_control_11,0,1.0
child_control_11,0,1.0
child_control_11,0,1.0
child_control_11,0,1.0
child_control_11,0,1.0
child_control_11,0,0.0
child_control_11,0,1.0
child_control_11,0,0.0
child_control_11,0,0.0
child_control_11,0,0.0
child_control_11,0,0.0
child_control_11,0,1.0
child_control_11,0,0.0
child_control_12,0,1.0
child_control_12,0,0.0
child_control_12,0,0.0
child_control_12,0,1.0
child_control_12,0,0.0
child_control_12,0,0.0
child_control_12,0,1.0
child_control_12,0,0.0
child_control_12,0,1.0
child_control_12,0,0.0
child_control_12,0,0.0
child_control_12,0,1.0
child_control_12,0,0.0
child_control_12,0,0.0
child_control_12,0,0.0
child_control_12,0,0.0
child_control_12,0,1.0
child_control_12,0,0.0
child_control_12,0,1.0
child_control_12,0,1.0
child_control_12,0,0.0
child_control_12,0,1.0
child_control_12,0,0.0
child_control_12,0,1.0
child_control_12,0,0.0
child_control_12,0,1.0
child_control_12,0,0.0
child_control_12,0,0.0
child_control_12,0,1.0
child_control_12,0,1.0
child_control_12,0,0.0
child_control_13,0,0.0
child_control_13,0,1.0
child_control_13,0,1.0
child_control_13,0,1.0
child_control_13,0,1.0
child_control_13,0,1.0
child_control_13,0,1.0
child_control_13,0,0.0
child_control_13,0,0.0
child_control_13,0,1.0
child_control_13,0,1.0
child_control_13,0,0.0
child_control_13,0,0.0
child_control_13,0,1.0
child_control_13,0,0.0
child_control_13,0,0.0
child_control_13,0,0.0
child_control_13,0,0.0
child_control_13,0,0.0
child_control_13,0,0.0
child_control_13,0,0.0
child_control_13,0,1.0
child_control_13,0,0.0
child_control_14,0,1.0
child_control_14,0,1.0
child_control_14,0,0.0
child_control_14,0,1.0
child_control_14,0,0.0
child_control_14,0,1.0
child_control_14,0,0.0
child_control_14,0,1.0
child_control_14,0,1.0
child_control_14,0,0.0
child_control_14,0,0.0
child_control_14,0,1.0
child_control_14,0,1.0
child_control_14,0,0.0
child_control_14,0,1.0
child_control_14,0,0.0
child_control_14,0,1.0
child_control_14,0,0.0
child_control_14,0,1.0
child_control_14,0,0.0
child_control_14,0,0.0
child_control_15,0,0.0
child_control_15,0,0.0
child_control_15,0,1.0
child_control_15,0,0.0
child_control_15,0,1.0
child_control_15,0,0.0
child_control_15,0,0.0
child_control_15,0,0.0
child_control_15,0,0.0
child_control_15,0,0.0
child_control_15,0,0.0
child_control_15,0,0.0
child_control_15,0,0.0
child_control_15,0,1.0
child_control_15,0,1.0
child_control_15,0,0.0
child_control_15,0,0.0
child_control_15,0,1.0
child_control_15,0,1.0
child_control_15,0,1.0
child_control_16,0,0.0
child_control_16,0,1.0
child_control_16,0,1.0
child_control_16,0,1.0
child_control_16,0,1.0
child_control_16,0,0.0
child_control_16,0,0.0
child_control_16,0,1.0
child_control_16,0,1.0
child_control_16,0,0.0
child_control_16,0,0.0
child_control_16,0,0.0
child_control_16,0,0.0
child_control_16,0,1.0
child_control_16,0,1.0
child_control_16,0,0.0
child_control_16,0,0.0
child_control_16,0,0.0
child_control_17,0,0.0
child_control_17,0,1.0
child_control_17,0,1.0
child_control_17,0,1.0
child_control_17,0,0.0
child_control_17,0,1.0
child_control_17,0,1.0
child_control_17,0,1.0
child_control_17,0,0.0
child_control_17,0,0.0
child_control_17,0,0.0
child_control_17,0,0.0
child_control_17,0,0.0
child_control_17,0,0.0
child_control_17,0,0.0
child_control_17,0,1.0
child_control_17,0,0.0
child_control_17,0,0.0
child_control_17,0,1.0
child_control_17,0,1.0
child_control_18,0,1.0
child_control_18,0,1.0
child_control_18,0,1.0
child_control_18,0,1.0
child_control_18,0,0.0
child_control_18,0,0.0
child_control_18,0,0.0
child_control_18,0,0.0
child_control_18,0,0.0
child_control_18,0,1.0
child_control_18,0,1.0
child_control_18,0,1.0
child_control_18,0,0.0
child_control_18,0,1.0
child_control_18,0,1.0
child_control_18,0,0.0
child_control_18,0,1.0
child_control_18,0,0.0
child_control_18,0,0.0
child_control_19,0,1.0
child_control_19,0,0.0
child_control_19,0,0.0
child_control_19,0,1.0
child_control_19,0,1.0
child_control_19,0,0.0
child_control_19,0,0.0
child_control_19,0,0.0
child_control_19,0,1.0
child_control_19,0,0.0
child_control_19,0,0.0
child_control_19,0,1.0
child_control_19,0,1.0
child_control_19,0,0.0
child_control_19,0,0.0
child_control_19,0,1.0
child_control_19,0,0.0
child_control_19,0,0.0
child_control_19,0,1.0
child_control_19,0,0.0
child_control_19,0,1.0
child_control_19,0,0.0
child_control_19,0,0.0
child_control_19,0,0.0
child_control_19,0,0.0
child_control_19,0,0.0
child_control_19,0,0.0
child_control_19,0,1.0
child_control_19,0,1.0
child_control_19,0,1.0
child_control_19,0,1.0
child_control_20,0,0.0
child_control_20,0,1.0
child_control_20,0,0.0
child_control_20,0,1.0
child_control_20,0,1.0
child_control_20,0,1.0
child_control_20,0,1.0
child_control_20,0,1.0
child_control_20,0,0.0
child_control_20,0,0.0
child_control_20,0,1.0
child_control_20,0,0.0
child_control_20,0,1.0
child_control_20,0,1.0
child_control_20,0,0.0
child_control_20,0,1.0
child_control_20,0,1.0
child_control_20,0,1.0
child_control_20,0,1.0
child_control_20,0,1.0
child_control_20,0,1.0
child_control_20,0,1.0
child_control_20,0,0.0
child_control_20,0,0.0
child_control_20,0,1.0
child_control_20,0,0.0
child_control_20,0,1.0
child_control_20,0,1.0
child_control_20,0,0.0
child_control_20,0,1.0
child_control_21,0,1.0
child_control_21,0,0.0
child_control_21,0,0.0
child_control_21,0,0.0
child_control_21,0,0.0
child_control_21,0,1.0
child_control_21,0,0.0
child_control_21,0,1.0
child_control_21,0,0.0
child_control_21,0,0.0
child_control_21,0,1.0
child_control_21,0,1.0
child_control_21,0,0.0
child_control_21,0,0.0
child_control_22,0,0.0
child_control_22,0,0.0
child_control_22,0,1.0
child_control_22,0,0.0
child_control_22,0,0.0
child_control_22,0,0.0
child_control_22,0,1.0
child_control_22,0,1.0
child_control_22,0,0.0
child_control_22,0,1.0
child_control_22,0,0.0
child_control_22,0,0.0
child_control_22,0,1.0
child_control_22,0,1.0
child_control_22,0,1.0
child_control_22,0,1.0
child_control_22,0,0.0
child_control_22,0,1.0
child_control_22,0,0.0
child_control_22,0,1.0
child_control_22,0,0.0
child_control_22,0,1.0
child_control_22,0,0.0
child_control_22,0,0.0
child_control_22,0,1.0
child_control_22,0,0.0
child_control_23,0,1.0
child_control_23,0,0.0
child_control_23,0,0.0
child_control_23,0,0.0
child_control_23,0,0.0
child_control_23,0,1.0
child_control_23,0,0.0
child_control_23,0,1.0
child_control_23,0,1.0
child_control_23,0,0.0
child_control_23,0,1.0
child_control_23,0,1.0
child_control_23,0,1.0
child_control_23,0,0.0
child_control_23,0,0.0
child_control_23,0,1.0
child_control_23,0,1.0
child_control_23,0,1.0
child_control_23,0,0.0
child_control_23,0,1.0
child_control_23,0,0.0
child_control_23,0,0.0
child_control_23,0,0.0
child_control_23,0,1.0
child_control_23,0,0.0
child_control_23,0,0.0
child_control_23,0,1.0
child_control_23,0,0.0
child_control_23,0,0.0
child_control_23,0,0.0
child_control_23,0,1.0
child_control_23,0,1.0
child_control_23,0,0.0
child_control_23,0,1.0
child_control_23,0,1.0
child_control_23,0,0.0
child_control_24,0,1.0
child_control_24,0,1.0
child_control_24,0,1.0
child_control_24,0,0.0
child_control_24,0,1.0
child_control_24,0,1.0
child_control_24,0,0.0
child_control_24,0,0.0
child_control_24,0,0.0
child_control_24,0,0.0
child_control_24,0,1.0
child_control_24,0,0.0
child_control_24,0,0.0
child_control_24,0,1.0
child_control_24,0,0.0
child_control_24,0,1.0
child_control_24,0,0.0
child_control_24,0,0.0
child_control_24,0,0.0
child_control_24,0,0.0
child_control_24,0,0.0
child_control_24,0,1.0
child_control_24,0,1.0
child_control_24,0,0.0
child_control_24,0,1.0
child_control_24,0,1.0
child_control_24,0,1.0
child_control_24,0,0.0
child_control_24,0,0.0
child_control_24,0,0.0
child_control_24,0,1.0
child_control_24,0,1.0
child_control_24,0,0.0
child_control_24,0,0.0
child_control_24,0,1.0
child_control_24,0,1.0
child_control_25,0,1.0
child_control_25,0,1.0
child_control_25,0,0.0
child_control_25,0,1.0
child_control_25,0,1.0
child_control_25,0,0.0
child_control_25,0,1.0
child_control_25,0,1.0
child_control_25,0,0.0
child_control_25,0,1.0
child_control_25,0,1.0
child_control_25,0,1.0
child_control_25,0,0.0
child_control_25,0,0.0
child_control_25,0,1.0
child_control_25,0,0.0
child_control_25,0,1.0
child_control_25,0,1.0
child_control_25,0,0.0
child_control_25,0,1.0
child_control_25,0,1.0
child_control_25,0,0.0
child_control_25,0,1.0
child_control_25,0,1.0
child_control_25,0,1.0
child_control_25,0,1.0
child_control_26,0,0.0
child_control_26,0,1.0
child_control_26,0,1.0
child_control_26,0,1.0
child_control_26,0,1.0
child_control_26,0,0.0
child_control_26,0,1.0
child_control_26,0,0.0
child_control_26,0,0.0
child_control_26,0,0.0
child_control_26,0,1.0
child_control_26,0,1.0
child_control_26,0,1.0
child_control_26,0,1.0
child_control_26,0,1.0
child_control_26,0,1.0
child_control_26,0,0.0
child_control_26,0,0.0
child_control_26,0,0.0
child_control_26,0,1.0
child_control_26,0,1.0
child_control_26,0,0.0
child_control_26,0,0.0
child_control_26,0,1.0
child_control_26,0,0.0
child_control_26,0,1.0
child_control_27,0,1.0
child_control_27,0,0.0
child_control_27,0,0.0
child_control_27,0,1.0
child_control_27,0,1.0
child_control_27,0,1.0
child_control_27,0,1.0
child_control_27,0,0.0
child_control_27,0,1.0
child_control_27,0,1.0
child_control_27,0,1.0
child_control_27,0,0.0
child_control_27,0,1.0
child_control_27,0,1.0
child_control_27,0,0.0
child_control_27,0,0.0
child_control_27,0,1.0
child_control_27,0,0.0
child_control_27,0,0.0
child_control_27,0,0.0
child_control_27,0,1.0
child_control_27,0,1.0
child_control_27,0,1.0
child_control_27,0,0.0
child_control_27,0,1.0
child_control_27,0,1.0
child_control_27,0,1.0
child_control_28,0,1.0
child_control_28,0,0.0
child_control_28,0,1.0
child_control_28,0,0.0
child_control_28,0,1.0
child_control_28,0,0.0
child_control_28,0,0.0
child_control_28,0,0.0
child_control_28,0,1.0
child_control_28,0,0.0
child_control_28,0,1.0
child_control_28,0,0.0
child_control_28,0,0.0
child_control_28,0,1.0
child_control_28,0,0.0
child_control_28,0,0.0
child_control_28,0,1.0
child_control_28,0,0.0
child_control_28,0,0.0
child_control_28,0,0.0
child_control_28,0,1.0
child_control_28,0,1.0
child_control_28,0,1.0
child_control_28,0,1.0
child_control_28,0,0.0
child_control_28,0,0.0
child_control_29,0,1.0
child_control_29,0,0.0
child_control_29,0,0.0
child_control_29,0,0.0
child_control_29,0,0.0
child_control_29,0,1.0
child_control_29,0,0.0
child_control_29,0,1.0
child_control_29,0,0.0
child_control_29,0,1.0
child_control_29,0,0.0
child_control_29,0,0.0
child_control_29,0,1.0
child_control_29,0,1.0
child_control_29,0,0.0
child_control_29,0,0.0
child_control_29,0,0.0
child_control_29,0,0.0
child_control_29,0,0.0
child_control_29,0,0.0
child_control_29,0,0.0
child_control_29,0,0.0
child_control_29,0,1.0
child_control_29,0,1.0
child_control_29,0,1.0
child_control_29,0,0.0
child_control_29,0,0.0
child_control_29,0,1.0
child_control_29,0,0.0
child_control_29,0,0.0
child_control_29,0,1.0
child_control_30,0,1.0
child_control_30,0,1.0
child_control_30,0,0.0
child_control_30,0,0.0
child_control_30,0,1.0
child_control_30,0,0.0
child_control_30,0,1.0
child_control_30,0,1.0
child_control_30,0,1.0
child_control_30,0,0.0
child_control_30,0,0.0
child_control_30,0,1.0
child_control_30,0,1.0
child_control_30,0,1.0
child_control_30,0,0.0
child_control_30,0,0.0
child_control_30,0,1.0
child_control_30,0,1.0
child_control_30,0,1.0
child_control_30,0,0.0
child_control_30,0,1.0
child_control_30,0,1.0
child_control_30,0,1.0
child_control_30,0,0.0
child_control_31,0,0.0
child_control_31,0,1.0
child_control_31,0,0.0
child_control_31,0,0.0
child_control_31,0,1.0
child_control_31,0,0.0
child_control_31,0,1.0
child_control_31,0,0.0
child_control_31,0,1.0
child_control_31,0,1.0
child_control_31,0,0.0
child_control_31,0,0.0
child_control_31,0,0.0
child_control_31,0,0.0
child_control_31,0,1.0
child_control_31,0,1.0
child_control_31,0,0.0
child_control_31,0,0.0
child_control_31,0,0.0
child_control_31,0,1.0
child_control_31,0,0.0
child_control_31,0,1.0
child_control_31,0,1.0
child_control_31,0,1.0
child_control_31,0,0.0
child_control_31,0,1.0
child_control_31,0,0.0
child_control_31,0,0.0
child_control_31,0,1.0
child_control_31,0,1.0
child_control_31,0,0.0
child_control_31,0,0.0
child_control_31,0,0.0
child_control_31,0,0.0
child_control_31,0,0.0
child_control_31,0,0.0
child_control_31,0,0.0
child_control_31,0,1.0
child_control_31,0,1.0
child_control_31,0,1.0
child_control_31,0,0.0
child_control_31,0,1.0
child_control_31,0,1.0
child_control_31,0,1.0
child_control_31,0,1.0
child_control_31,0,1.0
child_control_31,0,1.0
child_control_31,0,0.0
child_control_31,0,1.0
child_control_32,0,1.0
child_control_32,0,1.0
child_control_32,0,1.0
child_control_32,0,0.0
child_control_32,0,0.0
child_control_32,0,1.0
child_control_32,0,1.0
child_control_32,0,1.0
child_control_32,0,0.0
child_control_32,0,0.0
child_control_32,0,1.0
child_control_32,0,1.0
child_control_32,0,1.0
child_control_32,0,0.0
child_control_32,0,1.0
child_control_32,0,0.0
child_control_32,0,1.0
child_control_32,0,0.0
child_control_32,0,0.0
child_control_32,0,1.0
child_control_32,0,1.0
child_control_32,0,0.0
child_control_33,0,1.0
child_control_33,0,0.0
child_control_33,0,0.0
child_control_33,0,0.0
child_control_33,0,0.0
child_control_33,0,1.0
child_control_33,0,0.0
child_control_33,0,0.0
child_control_33,0,1.0
child_control_33,0,0.0
child_control_33,0,1.0
child_control_33,0,0.0
child_control_33,0,1.0
child_control_33,0,0.0
child_control_33,0,0.0
child_control_33,0,0.0
child_control_33,0,0.0
child_control_33,0,0.0
child_control_33,0,1.0
child_control_33,0,1.0
child_control_33,0,1.0
child_control_33,0,1.0
child_control_34,0,0.0
child_control_34,0,0.0
child_control_34,0,0.0
child_control_34,0,0.0
child_control_34,0,1.0
child_control_34,0,1.0
child_control_34,0,0.0
child_control_34,0,0.0
child_control_34,0,1.0
child_control_34,0,1.0
child_control_34,0,0.0
child_control_34,0,1.0
child_control_34,0,1.0
child_control_34,0,0.0
child_control_34,0,0.0
child_control_34,0,1.0
child_control_34,0,1.0
child_control_34,0,1.0
child_control_34,0,0.0
child_control_34,0,0.0
child_control_34,0,1.0
child_control_34,0,1.0
child_control_34,0,0.0
child_control_34,0,1.0
child_control_34,0,1.0
child_control_34,0,1.0
child_control_34,0,1.0
child_control_34,0,1.0
child_control_34,0,0.0
child_control_34,0,1.0
child_control_35,0,0.0
child_control_35,0,1.0
child_control_35,0,0.0
child_control_35,0,1.0
child_control_35,0,0.0
child_control_35,0,0.0
child_control_35,0,0.0
child_control_35,0,0.0
child_control_35,0,1.0
child_control_35,0,1.0
child_control_35,0,1.0
child_control_35,0,0.0
child_control_35,0,0.0
child_control_35,0,0.0
child_control_35,0,0.0
child_control_35,0,1.0
child_control_35,0,0.0
child_control_35,0,0.0
child_control_35,0,0.0
child_control_35,0,0.0
child_control_35,0,1.0
child_control_35,0,1.0
child_control_35,0,0.0
child_control_35,0,0.0
child_control_35,0,0.0
child_control_35,0,0.0
child_control_35,0,0.0
child_control_36,0,1.0
child_control_36,0,1.0
child_control_36,0,1.0
child_control_36,0,0.0
child_control_36,0,0.0
child_control_36,0,1.0
child_control_36,0,1.0
child_control_36,0,1.0
child_control_36,0,0.0
child_control_36,0,0.0
child_control_36,0,0.0
child_control_36,0,1.0
child_control_36,0,1.0
child_control_36,0,1.0
child_control_36,0,0.0
child_control_36,0,1.0
child_control_36,0,0.0
child_control_36,0,0.0
child_control_36,0,0.0
child_control_36,0,1.0
child_control_36,0,0.0
child_control_36,0,0.0
child_control_36,0,1.0
child_control_36,0,0.0
child_control_36,0,1.0
child_control_36,0,0.0
child_control_36,0,0.0
child_control_36,0,1.0
child_control_36,0,0.0
child_control_37,0,0.0
child_control_37,0,1.0
child_control_37,0,1.0
child_control_37,0,1.0
child_control_37,0,0.0
child_control_37,0,0.0
child_control_37,0,1.0
child_control_37,0,1.0
child_control_37,0,1.0
child_control_37,0,1.0
child_control_37,0,1.0
child_control_37,0,0.0
child_control_37,0,0.0
child_control_37,0,1.0
child_control_37,0,0.0
child_control_37,0,0.0
child_control_37,0,1.0
child_control_37,0,1.0
child_control_37,0,0.0
child_control_37,0,0.0
child_control_37,0,0.0
child_control_37,0,1.0
child_control_37,0,1.0
child_control_37,0,0.0
child_control_37,0,0.0
child_control_37,0,1.0
child_control_37,0,0.0
child_control_38,0,1.0
child_control_38,0,1.0
child_control_38,0,0.0
child_control_38,0,1.0
child_control_38,0,0.0
child_control_38,0,0.0
child_control_38,0,1.0
child_control_38,0,0.0
child_control_38,0,1.0
child_control_38,0,1.0
child_control_38,0,0.0
child_control_38,0,0.0
child_control_38,0,0.0
child_control_38,0,0.0
child_control_38,0,0.0
child_control_38,0,0.0
child_control_38,0,0.0
child_control_38,0,1.0
child_control_38,0,1.0
child_control_38,0,1.0
child_control_39,0,0.0
child_control_39,0,0.0
child_control_39,0,1.0
child_control_39,0,0.0
child_control_39,0,0.0
child_control_39,0,1.0
child_control_39,0,1.0
child_control_39,0,1.0
child_control_39,0,0.0
child_control_39,0,1.0
child_control_39,0,1.0
child_control_39,0,1.0
child_control_39,0,1.0
child_control_39,0,1.0
child_control_39,0,1.0
child_control_39,0,0.0
child_control_39,0,1.0
child_control_39,0,1.0
child_control_39,0,1.0
child_control_39,0,0.0
child_control_39,0,0.0
child_control_39,0,1.0
child_control_39,0,1.0
child_control_39,0,1.0
child_control_39,0,1.0
child_control_39,0,1.0
child_control_39,0,1.0
child_control_39,0,1.0
child_control_39,0,1.0
child_control_39,0,1.0
child_control_39,0,0.0
child_control_40,0,0.0
child_control_40,0,1.0
child_control_40,0,0.0
child_control_40,0,0.0
child_control_40,0,0.0
child_control_40,0,0.0
child_control_40,0,0.0
child_control_40,0,0.0
child_control_40,0,1.0
child_control_40,0,1.0
child_control_40,0,0.0
child_control_40,0,0.0
child_control_40,0,1.0
child_control_40,0,0.0
child_control_40,0,1.0
child_control_40,0,1.0
child_control_40,0,1.0
child_control_40,0,0.0
child_control_40,0,1.0
child_control_40,0,0.0
child_control_40,0,1.0
child_control_40,0,1.0
child_control_40,0,0.0
child_control_40,0,0.0
child_control_40,0,0.0
child_control_40,0,1.0
child_control_40,0,0.0
child_control_40,0,1.0
child_control_41,0,0.0
child_control_41,0,1.0
child_control_41,0,1.0
child_control_41,0,1.0
child_control_41,0,1.0
child_control_41,0,0.0
child_control_41,0,0.0
child_control_41,0,1.0
child_control_41,0,0.0
child_control_41,0,0.0
child_control_41,0,0.0
child_control_41,0,0.0
child_control_41,0,0.0
child_control_41,0,1.0
child_control_41,0,0.0
child_control_41,0,1.0
child_control_41,0,0.0
child_control_41,0,1.0
child_control_41,0,0.0
child_control_41,0,1.0
child_control_41,0,1.0
child_control_41,0,0.0
child_control_41,0,1.0
child_control_41,0,1.0
child_control_41,0,1.0
child_control_42,0,1.0
child_control_42,0,0.0
child_control_42,0,1.0
child_control_42,0,0.0
child_control_42,0,0.0
child_control_42,0,1.0
child_control_42,0,0.0
child_control_42,0,1.0
child_control_42,0,1.0
child_control_42,0,1.0
child_control_42,0,1.0
child_control_42,0,0.0
child_control_42,0,0.0
child_control_42,0,0.0
child_control_42,0,0.0
child_control_42,0,0.0
child_control_42,0,0.0
child_control_42,0,1.0
child_control_42,0,1.0
child_control_42,0,0.0
child_control_42,0,1.0
child_control_42,0,0.0
child_control_42,0,0.0
child_control_43,0,1.0
child_control_43,0,1.0
child_control_43,0,1.0
child_control_43,0,0.0
child_control_43,0,1.0
child_control_43,0,1.0
child_control_43,0,1.0
child_control_43,0,1.0
child_control_43,0,1.0
child_control_43,0,1.0
child_control_43,0,1.0
child_control_43,0,1.0
child_control_43,0,1.0
child_control_43,0,0.0
child_control_43,0,1.0
child_control_43,0,0.0
child_control_43,0,0.0
child_control_43,0,1.0
child_control_43,0,1.0
child_control_43,0,1.0
child_control_43,0,0.0
child_control_43,0,1.0
child_control_43,0,0.0
child_control_43,0,1.0
child_control_43,0,1.0
child_control_43,0,1.0
child_control_43,0,1.0
child_control_43,0,1.0
child_control_43,0,1.0
child_control_43,0,0.0
child_control_43,0,0.0
child_control_43,0,1.0
child_control_44,0,1.0
child_control_44,0,0.0
child_control_44,0,1.0
child_control_44,0,0.0
child_control_44,0,0.0
child_control_44,0,1.0
child_control_44,0,1.0
child_control_44,0,1.0
child_control_44,0,0.0
child_control_44,0,0.0
child_control_44,0,1.0
child_control_44,0,1.0
child_control_44,0,0.0
child_control_44,0,1.0
child_control_44,0,0.0
child_control_44,0,1.0
child_control_44,0,1.0
child_control_44,0,0.0
child_control_44,0,0.0
child_control_44,0,1.0
child_control_44,0,1.0
child_control_44,0,1.0
child_control_44,0,1.0
child_control_44,0,1.0
child_control_44,0,1.0
child_control_44,0,1.0
child_control_44,0,0.0
child_control_44,0,0.0
child_control_44,0,0.0
child_control_45,0,1.0
child_control_45,0,0.0
child_control_45,0,1.0
child_control_45,0,1.0
child_control_45,0,1.0
child_control_45,0,0.0
child_control_45,0,0.0
child_control_45,0,0.0
child_control_45,0,0.0
child_control_45,0,0.0
child_control_45,0,1.0
child_control_45,0,1.0
child_control_45,0,1.0
child_control_45,0,1.0
child_control_45,0,0.0
child_control_45,0,1.0
child_control_45,0,1.0
child_control_45,0,0.0
child_control_45,0,1.0
child_control_45,0,0.0
child_control_45,0,1.0
child_control_45,0,1.0
child_control_45,0,0.0
child_control_45,0,1.0
child_control_45,0,1.0
child_control_45,0,1.0
child_control_46,0,0.0
child_control_46,0,1.0
child_control_46,0,0.0
child_control_46,0,0.0
child_control_46,0,0.0
child_control_46,0,1.0
child_control_46,0,1.0
child_control_46,0,1.0
child_control_46,0,1.0
child_control_46,0,0.0
child_control_46,0,0.0
child_control_46,0,0.0
child_control_46,0,0.0
child_control_46,0,0.0
child_control_46,0,0.0
child_control_46,0,0.0
child_control_46,0,0.0
child_control_46,0,0.0
child_control_46,0,0.0
child_control_46,0,1.0
child_control_46,0,1.0
child_control_46,0,1.0
child_control_46,0,0.0
child_control_46,0,0.0
child_control_46,0,1.0
child_control_46,0,0.0
child_control_46,0,0.0
child_control_46,0,0.0
child_control_46,0,0.0
child_control_46,0,0.0
child_control_46,0,0.0
child_control_46,0,1.0
child_control_47,0,0.0
child_control_47,0,0.0
child_control_47,0,1.0
child_control_47,0,0.0
child_control_47,0,0.0
child_control_47,0,1.0
child_control_47,0,0.0
child_control_47,0,0.0
child_control_47,0,0.0
child_control_47,0,0.0
child_control_47,0,1.0
child_control_47,0,1.0
child_control_47,0,0.0
child_control_47,0,1.0
child_control_47,0,1.0
child_control_47,0,0.0
child_control_47,0,1.0
child_control_47,0,0.0
child_control_47,0,0.0
child_control_47,0,0.0
child_control_47,0,0.0
child_control_47,0,0.0
child_control_47,0,1.0
child_control_47,0,0.0
child_control_47,0,0.0
child_control_47,0,0.0
child_control_47,0,1.0
child_control_47,0,1.0
child_control_47,0,1.0
child_control_47,0,1.0
child_control_47,0,1.0
child_control_47,0,0.0
child_control_47,0,1.0
child_control_47,0,1.0
child_control_47,0,1.0
child_control_47,0,1.0
child_control_47,0,0.0
child_control_47,0,0.0
child_control_47,0,0.0
child_control_48,0,1.0
child_control_48,0,0.0
child_control_48,0,0.0
child_control_48,0,1.0
child_control_48,0,0.0
child_control_48,0,1.0
child_control_48,0,0.0
child_control_48,0,0.0
child_control_48,0,0.0
child_control_48,0,1.0
child_control_48,0,0.0
child_control_48,0,0.0
child_control_48,0,1.0
child_control_48,0,0.0
child_control_48,0,1.0
child_control_48,0,1.0
child_control_48,0,0.0
child_control_48,0,1.0
child_control_48,0,0.0
child_control_48,0,1.0
child_control_48,0,0.0
child_control_48,0,1.0
child_control_48,0,0.0
child_control_48,0,1.0
child_control_48,0,0.0
child_control_49,0,0.0
child_control_49,0,0.0
child_control_49,0,0.0
child_control_49,0,1.0
child_control_49,0,0.0
child_control_49,0,1.0
child_control_49,0,1.0
child_control_49,0,1.0
child_control_49,0,0.0
child_control_49,0,0.0
child_control_49,0,1.0
child_control_49,0,0.0
child_control_49,0,0.0
child_control_49,0,1.0
child_control_49,0,1.0
child_control_49,0,1.0
child_control_49,0,0.0
child_control_49,0,1.0
child_control_49,0,0.0
child_control_49,0,0.0
child_control_49,0,1.0
child_control_49,0,0.0
child_control_49,0,0.0
child_control_49,0,0.0
child_control_49,0,1.0
child_control_49,0,1.0
child_control_49,0,1.0
child_control_49,0,1.0
child_control_49,0,0.0
child_control_49,0,0.0
child_control_49,0,0.0
child_control_49,0,0.0
child_control_49,0,0.0
child_control_50,0,1.0
child_control_50,0,0.0
child_control_50,0,0.0
child_control_50,0,0.0
child_control_50,0,0.0
child_control_50,0,1.0
child_control_50,0,0.0
child_control_50,0,0.0
child_control_50,0,1.0
child_control_50,0,0.0
child_control_50,0,0.0
child_control_50,0,0.0
child_control_50,0,1.0
child_control_50,0,1.0
child_control_50,0,1.0
child_control_50,0,0.0
child_control_50,0,1.0
child_control_50,0,0.0
child_control_50,0,0.0
child_control_50,0,0.0
child_control_50,0,0.0
child_control_50,0,1.0
child_control_50,0,1.0
child_control_50,0,1.0
child_control_50,0,1.0
child_control_50,0,0.0
child_control_50,0,0.0
child_control_50,0,0.0
child_control_50,0,1.0
child_control_50,0,0.0
child_control_50,0,1.0
child_control_50,0,0.0
child_control_50,0,0.0
child_control_50,0,0.0
child_control_50,0,0.0
child_control_50,0,0.0
child_control_50,0,1.0
child_control_50,0,0.0
child_control_50,0,1.0
child_control_50,0,0.0
child_control_50,0,0.0
child_control_50,0,0.0
child_control_51,0,1.0
child_control_51,0,0.0
child_control_51,0,1.0
child_control_51,0,0.0
child_control_51,0,1.0
child_control_51,0,0.0
child_control_51,0,1.0
child_control_51,0,1.0
child_control_51,0,1.0
child_control_51,0,0.0
child_control_51,0,0.0
child_control_51,0,0.0
child_control_51,0,1.0
child_control_51,0,1.0
child_control_51,0,1.0
child_control_51,0,0.0
child_control_51,0,0.0
child_control_51,0,0.0
child_control_51,0,1.0
child_control_51,0,1.0
child_control_51,0,1.0
child_control_51,0,0.0
child_control_51,0,1.0
child_control_51,0,1.0
child_control_51,0,0.0
child_control_51,0,1.0
child_control_51,0,1.0
child_control_51,0,1.0
child_control_51,0,1.0
child_control_51,0,0.0
child_control_51,0,0.0
child_control_51,0,1.0
child_control_51,0,0.0
child_control_51,0,1.0
child_control_51,0,1.0
child_control_51,0,1.0
child_control_51,0,1.0
child_control_51,0,0.0
child_control_51,0,0.0
child_control_51,0,0.0
child_control_51,0,0.0
child_control_51,0,0.0
child_control_51,0,0.0
child_control_51,0,1.0
child_control_51,0,1.0
child_control_51,0,0.0
child_control_51,0,0.0
child_control_51,0,1.0
child_control_51,0,0.0
child_control_52,0,0.0
child_control_52,0,0.0
child_control_52,0,1.0
child_control_52,0,0.0
child_control_52,0,1.0
child_control_52,0,0.0
child_control_52,0,0.0
child_control_52,0,0.0
child_control_52,0,0.0
child_control_52,0,1.0
child_control_52,0,1.0
child_control_52,0,1.0
child_control_52,0,1.0
child_control_52,0,1.0
child_control_52,0,1.0
child_control_52,0,1.0
child_control_52,0,0.0
child_control_52,0,0.0
child_control_52,0,0.0
child_control_52,0,1.0
child_control_52,0,0.0
child_control_52,0,0.0
child_control_52,0,1.0
child_control_52,0,1.0
child_control_52,0,1.0
child_control_52,0,0.0
child_control_52,0,1.0
child_control_52,0,0.0
child_control_52,0,0.0
child_control_52,0,0.0
child_control_52,0,0.0
child_control_52,0,0.0
child_control_52,0,1.0
child_control_53,0,0.0
child_control_53,0,1.0
child_control_53,0,1.0
child_control_53,0,0.0
child_control_53,0,0.0
child_control_53,0,0.0
child_control_53,0,1.0
child_control_53,0,0.0
child_control_53,0,0.0
child_control_53,0,0.0
child_control_53,0,1.0
child_control_53,0,1.0
child_control_53,0,0.0
child_control_53,0,1.0
child_control_53,0,1.0
child_control_53,0,1.0
child_control_53,0,1.0
child_control_53,0,1.0
child_control_53,0,1.0
child_control_53,0,1.0
child_control_53,0,0.0
child_control_53,0,0.0
child_control_53,0,0.0
child_control_53,0,1.0
child_control_53,0,1.0
child_control_53,0,0.0
child_control_53,0,1.0
child_control_53,0,0.0
child_control_53,0,0.0
child_control_53,0,1.0
child_control_53,0,0.0
child_control_53,0,0.0
child_control_53,0,1.0
child_control_53,0,1.0
child_control_53,0,0.0
child_control_53,0,1.0
child_control_54,0,1.0
child_control_54,0,0.0
child_control_54,0,0.0
child_control_54,0,1.0
child_control_54,0,0.0
child_control_54,0,1.0
child_control_54,0,1.0
child_control_54,0,1.0
child_control_54,0,0.0
child_control_54,0,1.0
child_control_54,0,0.0
child_control_54,0,0.0
child_control_54,0,0.0
child_control_54,0,0.0
child_control_54,0,1.0
child_control_54,0,0.0
child_control_54,0,0.0
child_control_54,0,1.0
child_control_54,0,0.0
child_control_54,0,1.0
child_control_54,0,0.0
child_control_54,0,1.0
child_control_54,0,1.0
child_control_54,0,0.0
child_control_54,0,0.0
child_control_55,0,0.0
child_control_55,0,1.0
child_control_55,0,0.0
child_control_55,0,0.0
child_control_55,0,0.0
child_control_55,0,0.0
child_control_55,0,0.0
child_control_55,0,1.0
child_control_55,0,0.0
child_control_55,0,0.0
child_control_55,0,1.0
child_control_55,0,1.0
child_control_55,0,0.0
child_control_55,0,0.0
child_control_55,0,0.0
child_control_55,0,1.0
child_control_55,0,0.0
child_control_55,0,1.0
child_control_55,0,1.0
child_control_55,0,1.0
child_control_55,0,0.0
child_control_55,0,0.0
child_control_55,0,0.0
child_control_55,0,0.0
child_control_55,0,1.0
child_control_55,0,1.0
child_control_55,0,1.0
child_control_55,0,1.0
child_control_55,0,0.0
child_control_55,0,0.0
child_control_55,0,0.0
child_control_55,0,1.0
child_control_55,0,1.0
child_control_55,0,1.0
child_control_55,0,0.0
child_control_55,0,0.0
child_control_55,0,1.0
child_control_55,0,0.0
child_control_55,0,1.0
child_control_55,0,1.0
child_control_55,0,1.0
child_control_55,0,0.0
child_control_56,0,0.0
child_control_56,0,0.0
child_control_56,0,0.0
child_control_56,0,0.0
child_control_56,0,1.0
child_control_56,0,1.0
child_control_56,0,0.0
child_control_56,0,0.0
child_control_56,0,0.0
child_control_56,0,0.0
child_control_56,0,1.0
child_control_56,0,0.0
child_control_56,0,0.0
child_control_56,0,0.0
child_control_56,0,1.0
child_control_56,0,1.0
child_control_56,0,0.0
child_control_56,0,1.0
child_control_56,0,1.0
child_control_56,0,1.0
child_control_56,0,0.0
child_control_56,0,1.0
child_control_56,0,1.0
child_control_56,0,1.0
child_control_56,0,1.0
child_control_56,0,1.0
child_control_56,0,0.0
child_control_56,0,1.0
child_control_56,0,1.0
child_control_56,0,1.0
child_control_56,0,0.0
child_control_56,0,1.0
child_control_56,0,1.0
child_control_56,0,0.0
child_control_57,0,1.0
child_control_57,0,1.0
child_control_57,0,1.0
child_control_57,0,0.0
child_control_57,0,0.0
child_control_57,0,1.0
child_control_57,0,0.0
child_control_57,0,1.0
child_control_57,0,0.0
child_control_57,0,1.0
child_control_57,0,0.0
child_control_57,0,1.0
child_control_57,0,0.0
child_control_57,0,0.0
child_control_57,0,0.0
child_control_57,0,0.0
child_control_57,0,1.0
child_control_57,0,1.0
child_control_57,0,0.0
child_control_57,0,1.0
child_control_57,0,0.0
child_control_57,0,1.0
child_control_57,0,1.0
child_control_57,0,1.0
child_control_57,0,0.0
child_control_57,0,1.0
child_control_57,0,0.0
child_control_57,0,1.0
child_control_57,0,0.0
child_control_57,0,1.0
child_control_57,0,1.0
child_control_57,0,1.0
child_control_57,0,0.0
child_control_57,0,1.0
child_control_57,0,0.0
child_control_57,0,1.0
child_control_57,0,0.0
child_control_57,0,0.0
child_control_57,0,1.0
child_control_57,0,0.0
child_control_57,0,0.0
child_control_57,0,0.0
child_control_57,0,0.0
child_control_58,0,1.0
child_control_58,0,1.0
child_control_58,0,0.0
child_control_58,0,0.0
child_control_58,0,0.0
child_control_58,0,0.0
child_control_58,0,1.0
child_control_58,0,1.0
child_control_58,0,0.0
child_control_58,0,0.0
child_control_58,0,0.0
child_control_58,0,1.0
child_control_58,0,1.0
child_control_58,0,0.0
child_control_58,0,0.0
child_control_58,0,1.0
child_control_58,0,1.0
child_control_58,0,0.0
child_control_58,0,0.0
child_control_58,0,0.0
child_control_58,0,1.0
child_control_58,0,0.0
child_control_58,0,0.0
child_control_58,0,1.0
child_control_58,0,0.0
child_control_58,0,1.0
child_control_58,0,0.0
child_control_58,0,0.0
child_control_58,0,1.0
child_control_58,0,0.0
child_control_58,0,1.0
child_control_58,0,1.0
child_control_59,0,0.0
child_control_59,0,1.0
child_control_59,0,0.0
child_control_59,0,1.0
child_control_59,0,0.0
child_control_59,0,1.0
child_control_59,0,0.0
child_control_59,0,0.0
child_control_59,0,1.0
child_control_59,0,1.0
child_control_59,0,0.0
child_control_59,0,0.0
child_control_59,0,1.0
child_control_59,0,1.0
child_control_59,0,0.0
child_control_59,0,0.0
child_control_59,0,0.0
child_control_59,0,1.0
child_control_59,0,0.0
child_control_59,0,0.0
child_control_59,0,1.0
child_control_59,0,0.0
child_control_59,0,0.0
child_control_59,0,0.0
child_control_59,0,0.0
child_control_59,0,0.0
child_control_59,0,1.0
child_control_59,0,0.0
child_control_59,0,1.0
child_control_59,0,1.0
child_control_59,0,1.0
child_control_59,0,0.0
child_control_59,0,0.0
child_control_59,0,0.0
child_control_59,0,0.0
child_control_59,0,0.0
child_control_59,0,1.0
child_control_59,0,0.0
child_control_59,0,0.0
child_control_59,0,0.0
child_control_59,0,1.0
child_control_59,0,0.0
child_control_59,0,1.0
child_control_59,0,0.0
child_control_59,0,1.0
child_control_59,0,1.0
child_control_59,0,0.0
child_control_60,0,0.0
child_control_60,0,0.0
child_control_60,0,0.0
child_control_60,0,1.0
child_control_60,0,1.0
child_control_60,0,1.0
child_control_60,0,1.0
child_control_60,0,0.0
child_control_60,0,0.0
child_control_60,0,1.0
child_control_60,0,0.0
child_control_60,0,1.0
child_control_60,0,0.0
child_control_60,0,0.0
child_control_60,0,1.0
child_control_60,0,0.0
child_control_60,0,1.0
child_control_60,0,1.0
child_control_60,0,1.0
child_control_60,0,1.0
child_control_60,0,1.0
child_control_60,0,1.0
child_control_60,0,0.0
child_control_60,0,0.0
child_control_60,0,1.0
child_control_60,0,0.0
child_control_60,0,0.0
child_control_60,0,0.0
child_control_60,0,1.0
child_control_60,0,1.0
child_control_60,0,0.0
child_control_60,0,1.0
child_control_60,0,1.0
